Tail_Number,count,Tail_Number_Grupo
Otros,267613,0
N480HA,12470,4
N491HA,12376,4
N494HA,12248,4
N492HA,11985,4
N487HA,11945,4
N483HA,11935,4
N493HA,11837,4
N486HA,11797,4
N476HA,11771,4
N488HA,11727,4
N495HA,11648,4
N490HA,11460,4
N484HA,11354,4
N489HA,11263,4
N479HA,11034,4
N475HA,10888,4
N478HA,10208,4
N966WN,8855,3
N957WN,8814,3
N942WN,8800,3
N935WN,8781,3
N952WN,8766,3
N967WN,8746,3
N937WN,8731,3
N968WN,8727,3
N965WN,8711,3
N964WN,8692,3
N969WN,8678,3
N477HA,8666,3
N958WN,8651,3
N926WN,8642,3
N939WN,8625,3
N931WN,8621,3
N962WN,8620,3
N930WN,8597,3
N938WN,8594,3
N955WN,8587,3
N927WN,8583,3
N928WN,8571,3
N936WN,8567,3
N934WN,8562,3
N929WN,8547,3
N932WN,8542,3
N248WN,8534,3
N438QX,8525,3
N956WN,8518,3
N963WN,8507,3
N943WN,8503,3
N953WN,8501,3
N950WN,8482,3
N421QX,8475,3
N959WN,8475,3
N923WN,8467,3
N960WN,8460,3
N933WN,8459,3
N944WN,8439,3
N7742B,8435,3
N443QX,8433,3
N940WN,8423,3
N279WN,8422,3
N448QX,8417,3
N945WN,8415,3
N961WN,8407,3
N201LV,8405,3
N7854B,8402,3
N913WN,8398,3
N954WN,8396,3
N247WN,8392,3
N451QX,8387,3
N280WN,8385,3
N439QX,8384,3
N401QX,8384,3
N264LV,8377,3
N205WN,8377,3
N223WN,8377,3
N217JC,8374,3
N261WN,8356,3
N941WN,8355,3
N951WN,8353,3
N7738A,8352,3
N925WN,8350,3
N265WN,8346,3
N229WN,8342,3
N922WN,8339,3
N7734H,8332,3
N266WN,8332,3
N947WN,8329,3
N225WN,8329,3
N213WN,8326,3
N497WN,8323,3
N498WN,8322,3
N7715E,8320,3
N272WN,8319,3
N262WN,8318,3
N210WN,8317,3
N232WN,8316,3
N274WN,8311,3
N496WN,8310,3
N287WN,8310,3
N239WN,8297,3
N268WN,8296,3
N7844A,8293,3
N447QX,8290,3
N440QX,8289,3
N948WN,8287,3
N209WN,8286,3
N273WN,8284,3
N227WN,8282,3
N254WN,8282,3
N432WN,8279,3
N449WN,8271,3
N949WN,8271,3
N222WN,8267,3
N228WN,8267,3
N914WN,8265,3
N435QX,8264,3
N442QX,8264,3
N235WN,8263,3
N482WN,8261,3
N7862A,8261,3
N219WN,8258,3
N900WN,8256,3
N499WN,8255,3
N259WN,8254,3
N275WN,8251,3
N267WN,8249,3
N203WN,8241,3
N224WN,8240,3
N269WN,8240,3
N291WN,8235,3
N231WN,8234,3
N218WN,8232,3
N200WN,8231,3
N477WN,8231,3
N492WN,8231,3
N422QX,8228,3
N276WN,8226,3
N251WN,8217,3
N946WN,8215,3
N431WN,8209,3
N903WN,8209,3
N440LV,8205,3
N226WN,8205,3
N7835A,8204,3
N214WN,8202,3
N260WN,8202,3
N7881A,8200,3
N230WN,8197,3
N567WN,8196,3
N908WN,8195,3
N233LV,8194,3
N246LV,8193,3
N7713A,8193,3
N430WN,8191,3
N479WN,8191,3
N7846A,8190,3
N240WN,8189,3
N243WN,8185,3
N204WN,8184,3
N423WN,8184,3
N256WN,8184,3
N569WN,8181,3
N436QX,8181,3
N245WN,8181,3
N910WN,8178,3
N212WN,8175,3
N444WN,8169,3
N7886A,8168,3
N461WN,8166,3
N924WN,8164,3
N444QX,8163,3
N7863A,8160,3
N250WN,8147,3
N494WN,8147,3
N241WN,8146,3
N413WN,8143,3
N437QX,8142,3
N414WN,8141,3
N435WN,8141,3
N792SW,8140,3
N443WN,8139,3
N7879A,8138,3
N236WN,8138,3
N7842A,8137,3
N258WN,8135,3
N7721E,8132,3
N422WN,8132,3
N490WN,8131,3
N453QX,8130,3
N401WN,8130,3
N912WN,8130,3
N278WN,8127,3
N434MK,8127,3
N403QX,8127,3
N487WN,8124,3
N915WN,8122,3
N7735A,8115,3
N429WN,8114,3
N420WN,8109,3
N221WN,8109,3
N566WN,8109,3
N289CT,8109,3
N242WN,8109,3
N485WN,8105,3
N733SA,8102,3
N299WN,8101,3
N297WN,8099,3
N400QX,8096,3
N439WN,8088,3
N467WN,8087,3
N404QX,8087,3
N298WN,8084,3
N738CB,8084,3
N244WN,8083,3
N437WN,8082,3
N402QX,8081,3
N736SA,8079,3
N7878A,8077,3
N464WN,8076,3
N211WN,8075,3
N7857B,8073,3
N290WN,8073,3
N7875A,8070,3
N421LV,8070,3
N237WN,8069,3
N215WN,8066,3
N760SW,8065,3
N7704B,8064,3
N277WN,8063,3
N7732A,8060,3
N286WN,8059,3
N284WN,8059,3
N403WN,8057,3
N7739A,8056,3
N747SA,8055,3
N917WN,8052,3
N7877H,8050,3
N252WN,8050,3
N234WN,8045,3
N7852A,8043,3
N7702A,8043,3
N7845A,8042,3
N438WN,8040,3
N404WN,8039,3
N7849A,8039,3
N296WN,8039,3
N249WN,8035,3
N434WN,8035,3
N484WN,8034,3
N202WN,8031,3
N7856A,8030,3
N294WN,8028,3
N7720F,8027,3
N441WN,8026,3
N407WN,8025,3
N470WN,8014,3
N469WN,8013,3
N409WN,8011,3
N7825A,8011,3
N458WN,8011,3
N475WN,8010,3
N754SW,8006,3
N476WN,8005,3
N748SW,7996,3
N465WN,7995,3
N919WN,7994,3
N285WN,7986,3
N295WN,7983,3
N904WN,7982,3
N781WN,7980,3
N735SA,7976,3
N495WN,7975,3
N427WN,7966,3
N730SW,7965,3
N729SW,7964,3
N7876A,7963,3
N7880D,7960,3
N727SW,7960,3
N282WN,7959,3
N406WN,7959,3
N731SA,7958,3
N7726A,7953,3
N920WN,7952,3
N749SW,7950,3
N463WN,7947,3
N238WN,7945,3
N480WN,7944,3
N462WN,7941,3
N255WN,7930,3
N411WN,7927,3
N281WN,7926,3
N611AS,7925,3
N644AS,7923,3
N257WN,7922,3
N417WN,7920,3
N481WN,7917,3
N725SW,7916,3
N7740A,7916,3
N410WN,7915,3
N452WN,7915,3
N785SW,7911,3
N445QX,7909,3
N418WN,7908,3
N755SA,7907,3
N478WN,7903,3
N405QX,7903,3
N614AS,7902,3
N7858A,7902,3
N425LV,7897,3
N253WN,7885,3
N613AS,7883,3
N757LV,7879,3
N7866A,7875,3
N283WN,7873,3
N412WN,7872,3
N292WN,7869,3
N416WN,7869,3
N7836A,7868,3
N744SW,7868,3
N7843A,7867,3
N7867A,7867,3
N734SA,7867,3
N454WN,7864,3
N909WN,7864,3
N7864B,7847,3
N751SW,7843,3
N7847A,7842,3
N436WN,7841,3
N220WN,7836,3
N457WN,7836,3
N7730A,7833,3
N7855A,7833,3
N750SA,7830,3
N767SW,7828,3
N769SW,7807,3
N474WN,7805,3
N7829B,7804,3
N412QX,7803,3
N7818L,7803,3
N7883A,7800,3
N493WN,7797,3
N724SW,7797,3
N486WN,7793,3
N7816B,7785,3
N763SW,7785,3
N473WN,7783,3
N483WN,7779,3
N408WN,7774,3
N732SW,7774,3
N293WN,7773,3
N615AS,7773,3
N746SW,7768,3
N7874B,7768,3
N762SW,7767,3
N415WN,7766,3
N7853B,7766,3
N7888A,7760,3
N442WN,7759,3
N7823A,7748,3
N619AS,7747,3
N588NN,7747,3
N567NN,7744,3
N432QX,7742,3
N488WN,7738,3
N426WN,7737,3
N7841A,7732,3
N709SW,7729,3
N970SW,7717,3
N7859B,7717,3
N7865A,7712,3
N424WN,7710,3
N765SW,7708,3
N575NN,7703,3
N288WN,7674,3
N450QX,7667,3
N551WN,7650,3
N428WN,7647,3
N7824A,7643,3
N582NN,7642,3
N485HA,7642,3
N596NN,7641,3
N593NN,7639,3
N7839A,7635,3
N557NN,7634,3
N773SA,7633,3
N577NN,7630,3
N419WN,7627,3
N550WN,7624,3
N923AE,7612,3
N7851A,7598,3
N566NN,7596,3
N618AS,7595,3
N983SW,7590,3
N405WN,7587,3
N728SW,7585,3
N908AE,7578,3
N7828A,7577,3
N589NN,7569,3
N678AE,7559,3
N688AE,7557,3
N681AE,7553,3
N694AE,7547,3
N7884G,7546,3
N8527Q,7544,3
N591NN,7541,3
N573NN,7541,3
N8513F,7537,3
N446QX,7537,3
N587NN,7535,3
N8538V,7535,3
N7850B,7532,3
N178SY,7529,3
N8651A,7529,3
N560NN,7527,3
N584NN,7526,3
N933JN,7525,3
N581NN,7524,3
N8508W,7522,3
N574NN,7515,3
N585NN,7512,3
N667GB,7511,3
N8525S,7507,3
N8698B,7505,3
N8524Z,7505,3
N8526W,7500,3
N698CB,7498,3
N8542Z,7492,3
N562NN,7491,3
N555NN,7489,3
N905JH,7486,3
N8511K,7484,3
N559NN,7484,3
N8515X,7483,3
N8519R,7483,3
N193SY,7483,3
N909AE,7481,3
N758SW,7481,3
N551NN,7478,3
N570NN,7477,3
N179SY,7476,3
N8553W,7474,3
N192SY,7474,3
N8518R,7473,3
N8539V,7473,3
N8537Z,7473,3
N578NN,7472,3
N8546V,7472,3
N929EV,7470,3
N8522P,7470,3
N8504G,7470,3
N8512U,7469,3
N8558Z,7468,3
N7822A,7465,3
N737JW,7464,3
N8557Q,7464,3
N7868K,7463,3
N7840A,7461,3
N586NN,7459,3
N580NN,7456,3
N967SW,7456,3
N617AE,7455,3
N554NN,7453,3
N564NN,7451,3
N195SY,7451,3
N8509U,7450,3
N8532S,7449,3
N600NN,7449,3
N8543Z,7446,3
N8544Z,7440,3
N8517F,7440,3
N597NN,7439,3
N609AS,7439,3
N8531Q,7438,3
N720WN,7435,3
N8507C,7433,3
N8529Z,7432,3
N8547V,7430,3
N8520Q,7428,3
N185SY,7425,3
N8545V,7425,3
N568NN,7424,3
N8554X,7423,3
N982SW,7423,3
N8652B,7421,3
N973SW,7419,3
N8559Q,7418,3
N8530W,7417,3
N696AE,7416,3
N8501V,7415,3
N8503A,7414,3
N8552Z,7413,3
N8549Z,7411,3
N452QX,7409,3
N8536Z,7408,3
N684JW,7407,3
N8555Z,7407,3
N8644C,7406,3
N8548P,7406,3
N176SY,7406,3
N8646B,7404,3
N8657B,7402,3
N572NN,7401,3
N928AE,7401,3
N8689C,7398,3
N565NN,7394,3
N919SW,7393,3
N8556Z,7393,3
N8502Z,7393,3
N622AE,7392,3
N8654B,7388,3
N188SY,7386,3
N426QX,7385,3
N8541W,7382,3
N8668A,7382,3
N8551Q,7381,3
N8681M,7380,3
N679AE,7379,3
N8658A,7378,3
N8560Z,7378,3
N548NN,7377,3
N8699A,7375,3
N8523W,7374,3
N8540V,7373,3
N960SW,7371,3
N8535S,7370,3
N900AE,7368,3
N937EV,7367,3
N184SY,7363,3
N8678E,7362,3
N171SY,7362,3
N8627B,7359,3
N549NN,7358,3
N189SY,7356,3
N869AS,7356,3
N194SY,7355,3
N8528Q,7354,3
N181SY,7352,3
N550NN,7352,3
N187SY,7351,3
N693AE,7350,3
N599NN,7347,3
N558NN,7344,3
N8676A,7343,3
N8692F,7341,3
N8650F,7341,3
N8510E,7340,3
N592NN,7340,3
N8533S,7339,3
N8661A,7339,3
N957SW,7338,3
N8671D,7337,3
N903SW,7334,3
N8660A,7331,3
N8648A,7330,3
N8687A,7328,3
N8688J,7327,3
N571NN,7325,3
N980SW,7323,3
N598NN,7322,3
N8670A,7321,3
N8561Z,7320,3
N552NN,7320,3
N8694E,7318,3
N962SW,7317,3
N8649A,7317,3
N979SW,7316,3
N595NN,7314,3
N579NN,7313,3
N8696E,7311,3
N583NN,7309,3
N8683D,7308,3
N8672F,7306,3
N8684F,7305,3
N191SY,7304,3
N186SY,7303,3
N752SW,7303,3
N8534Z,7302,3
N8629A,7299,3
N8674B,7294,3
N556NN,7290,3
N590NN,7288,3
N8691A,7288,3
N8673F,7286,3
N8659D,7285,3
N472CA,7284,3
N8675A,7281,3
N8643A,7280,3
N197SY,7278,3
N563NN,7276,3
N8682B,7275,3
N8635F,7275,3
N174SY,7274,3
N8695D,7273,3
N711HK,7270,3
N939AE,7269,3
N8664J,7265,3
N8638A,7264,3
N8697C,7264,3
N8685B,7264,3
N639AE,7263,3
N8619F,7261,3
N170SY,7261,3
N8679A,7260,3
N8662F,7257,3
N561NN,7254,3
N8647A,7253,3
N8550Q,7253,3
N978SW,7251,3
N8562Z,7251,3
N668HH,7249,3
N8653A,7248,3
N8640D,7248,3
N8514F,7245,3
N175SY,7243,3
N8693A,7240,3
N692AE,7240,3
N173SY,7240,3
N481HA,7239,3
N7830A,7237,3
N8680C,7237,3
N565WN,7235,3
N183SY,7234,3
N8669B,7233,3
N935AE,7232,3
N196SY,7231,3
N8645A,7226,3
N8630B,7222,3
N8606C,7216,3
N8677A,7215,3
N8637A,7213,3
N8690A,7213,3
N8610A,7213,3
N680AE,7209,3
N8639B,7208,3
N685AE,7206,3
N714CB,7204,3
N8642E,7204,3
N7727A,7203,3
N8633A,7201,3
N8565Z,7198,3
N8563Z,7198,3
N906AE,7197,3
N959SW,7193,3
N472WN,7192,3
N8663A,7191,3
N689EC,7188,3
N8655D,7186,3
N8631A,7185,3
N751YX,7183,3
N978AT,7179,3
N925AT,7179,3
N662EH,7177,3
N920SW,7176,3
N670AE,7173,3
N8641B,7173,3
N933EV,7170,3
N177SY,7166,3
N8614M,7164,3
N925SW,7164,3
N547NN,7163,3
N750YX,7163,3
N932AE,7162,3
N259SY,7161,3
N466WN,7160,3
N663AR,7159,3
N576NN,7159,3
N8667D,7158,3
N697AB,7156,3
N8632A,7156,3
N500WR,7156,3
N8665D,7153,3
N8607M,7149,3
N731YX,7146,3
N910SW,7139,3
N594NN,7138,3
N7728D,7136,3
N8616C,7136,3
N7736A,7135,3
N8628A,7129,3
N902BC,7129,3
N8611F,7129,3
N743YX,7127,3
N941LT,7125,3
N661JA,7125,3
N747YX,7124,3
N8621A,7123,3
N963SW,7122,3
N672AE,7120,3
N979AT,7118,3
N669MB,7118,3
N7725A,7115,3
N664MS,7110,3
N8602F,7110,3
N986SW,7108,3
N931AE,7107,3
N691AE,7105,3
N519AE,7105,3
N8600F,7099,3
N928AT,7098,3
N182SY,7098,3
N624QX,7098,3
N455WN,7097,3
N8564Z,7097,3
N256SY,7096,3
N745YX,7093,3
N625QX,7093,3
N257SY,7091,3
N896AT,7090,3
N946SW,7087,3
N918AE,7085,3
N8634A,7084,3
N8622A,7084,3
N7751A,7083,3
N8626B,7082,3
N7741C,7081,3
N626AE,7077,3
N460WN,7076,3
N952AT,7075,3
N630QX,7074,3
N451WN,7074,3
N725YX,7072,3
N981AT,7072,3
N8613K,7071,3
N623AE,7069,3
N653AE,7068,3
N989AT,7066,3
N8617E,7066,3
N553NN,7066,3
N991AT,7064,3
N633AE,7064,3
N8609A,7062,3
N732YX,7062,3
N990AT,7061,3
N995AT,7060,3
N712SW,7057,3
N445WN,7055,3
N8601C,7055,3
N251SY,7055,3
N468WN,7054,3
N718SW,7051,3
N993AT,7050,3
N448WN,7049,3
N7887A,7048,3
N676AE,7047,3
N682AE,7047,3
N657AE,7046,3
N271LV,7043,3
N8567Z,7043,3
N905SW,7043,3
N971SW,7042,3
N958SW,7040,3
N8620H,7040,3
N745SW,7036,3
N8625A,7036,3
N632AE,7035,3
N8612K,7033,3
N924SW,7031,3
N7811F,7030,3
N7733B,7029,3
N593ML,7027,3
N8566Z,7026,3
N922AE,7026,3
N733YX,7025,3
N622AS,7024,3
N628QX,7023,3
N969SW,7021,3
N947SW,7016,3
N627QX,7016,3
N996AT,7015,3
N555LV,7015,3
N7820L,7014,3
N644AE,7013,3
N629QX,7013,3
N278SY,7011,3
N744YX,7011,3
N616AE,7010,3
N982AT,7009,3
N8618N,7007,3
N652RS,7004,3
N564WN,7003,3
N240SY,7001,3
N260SY,7001,3
N459WN,6997,3
N8624J,6997,3
N456WN,6996,3
N8615E,6996,3
N746YX,6995,3
N926SW,6995,3
N8604K,6992,3
N647AE,6992,3
N556WN,6991,3
N675AE,6989,3
N261SY,6988,3
N740YX,6987,3
N686AE,6986,3
N7746C,6986,3
N450WN,6985,3
N620AE,6984,3
N539EA,6983,3
N654AE,6982,3
N717JL,6982,3
N729YX,6981,3
N656AE,6980,3
N241SY,6979,3
N7743B,6978,3
N748YX,6973,3
N980AT,6973,3
N741YX,6971,3
N8623F,6971,3
N275SY,6970,3
N7744A,6970,3
N917SW,6970,3
N7722B,6969,3
N466SW,6966,3
N8568Z,6965,3
N460SW,6962,3
N695AE,6960,3
N926AT,6957,3
N7833A,6956,3
N923SW,6954,3
N786SK,6953,3
N620QX,6952,3
N641AE,6947,3
N728YX,6946,3
N730YX,6943,3
N793SK,6943,3
N929AT,6940,3
N623QX,6940,3
N559WN,6938,3
N8605E,6936,3
N627AE,6934,3
N716SW,6934,3
N258SY,6933,3
N726YX,6933,3
N7745A,6933,3
N250SY,6931,3
N276SY,6930,3
N944AT,6929,3
N690AE,6929,3
N273SY,6929,3
N242SY,6928,3
N912SW,6928,3
N709BR,6927,3
N262SY,6926,3
N932SW,6925,3
N252SY,6925,3
N7748A,6922,3
N727YX,6921,3
N253SY,6921,3
N976SW,6920,3
N557WN,6918,3
N7723E,6917,3
N925AE,6917,3
N724YX,6916,3
N8569Z,6915,3
N683AE,6914,3
N8608N,6913,3
N906EV,6912,3
N626QX,6911,3
N254SY,6907,3
N7724A,6903,3
N430QX,6902,3
N569NN,6902,3
N736YX,6901,3
N7731A,6901,3
N783SK,6900,3
N677AE,6897,3
N563WN,6893,3
N964SW,6892,3
N265SY,6890,3
N954AT,6889,3
N447WN,6887,3
N648AE,6885,3
N7747C,6884,3
N902WN,6882,3
N199SY,6881,3
N247SY,6880,3
N271SY,6879,3
N264SY,6878,3
N446WN,6878,3
N997AT,6876,3
N546FF,6872,3
N906WN,6869,3
N673AE,6868,3
N739YX,6868,3
N510AE,6866,3
N977AT,6865,3
N400SY,6864,3
N927AT,6863,3
N942LL,6863,3
N7752B,6863,3
N942AT,6860,3
N863AS,6858,3
N949AT,6857,3
N7737E,6857,3
N907WN,6856,3
N646AE,6856,3
N7815L,6854,3
N255SY,6849,3
N956SW,6849,3
N788SK,6848,3
N742YX,6848,3
N782SK,6848,3
N244SY,6847,3
N402SY,6845,3
N8603F,6843,3
N624AE,6843,3
N7819A,6842,3
N207JQ,6838,3
N622QX,6837,3
N723YX,6835,3
N8572X,6833,3
N901WN,6832,3
N785SK,6831,3
N8570W,6830,3
N752YX,6830,3
N404SY,6830,3
N637AE,6826,3
N453WN,6825,3
N929SW,6825,3
N651AE,6825,3
N671AE,6824,3
N209JQ,6820,3
N297PQ,6816,3
N904EV,6811,3
N975SW,6810,3
N7729A,6810,3
N787SK,6808,3
N282SY,6808,3
N279SY,6807,3
N7848A,6806,3
N702BR,6802,3
N405SY,6800,3
N283SY,6799,3
N943AT,6793,3
N508AE,6793,3
N717SA,6793,3
N749YX,6792,3
N269SY,6791,3
N562WN,6786,3
N277SY,6785,3
N511AE,6783,3
N640AE,6783,3
N699AE,6781,3
N721YX,6781,3
N243SY,6780,3
N514AE,6779,3
N8946A,6775,3
N7749B,6772,3
N263SY,6770,3
N955AT,6770,3
N784SK,6767,3
N643AE,6761,3
N642AE,6759,3
N998AT,6754,3
N893AT,6754,3
N280SY,6754,3
N281JB,6748,3
N948AT,6747,3
N629AE,6746,3
N400WN,6746,3
N208JQ,6744,3
N712PS,6742,3
N8575Z,6741,3
N722YX,6740,3
N701BR,6740,3
N7827A,6736,3
N961SW,6735,3
N795SK,6734,3
N645AE,6734,3
N198SY,6733,3
N947AT,6733,3
N655AE,6731,3
N634QX,6724,3
N272PQ,6723,3
N300PQ,6722,3
N299PQ,6721,3
N8571Z,6721,3
N710PS,6719,3
N560WN,6718,3
N618AE,6712,3
N939SW,6712,3
N780SK,6707,3
N7869A,6704,3
N8574Z,6702,3
N608AT,6701,3
N286SY,6700,3
N8577Z,6699,3
N204JQ,6695,3
N835AY,6691,3
N709PS,6687,3
N930SW,6686,3
N943SW,6685,3
N518AE,6685,3
N505AE,6683,3
N631QX,6681,3
N635RW,6679,3
N8686A,6679,3
N635QX,6676,3
N611AE,6676,3
N635AE,6674,3
N971AT,6669,3
N8936A,6667,3
N207WN,6666,3
N945SW,6664,3
N7813P,6662,3
N779SK,6660,3
N7750A,6659,3
N799SW,6659,3
N946AT,6657,3
N441QX,6655,3
N632NK,6654,3
N203JQ,6653,3
N336PQ,6651,3
N294PQ,6650,3
N268SY,6647,3
N287SY,6645,3
N922EV,6643,3
N305PQ,6643,3
N832AY,6642,3
N642RW,6642,3
N790SK,6639,3
N274SY,6638,3
N545PB,6636,3
N8576Z,6635,3
N108HQ,6635,3
N7832A,6633,3
N639RW,6632,3
N292PQ,6631,3
N8579Z,6629,3
N7831B,6628,3
N498CA,6624,3
N951AT,6622,3
N820AY,6619,3
N214JQ,6618,3
N7812G,6618,3
N865RW,6617,3
N403SY,6616,3
N647RW,6616,3
N267SY,6613,3
N270SY,6613,3
N131SY,6611,3
N295PQ,6611,3
N293PQ,6609,3
N703PS,6609,3
N834AY,6606,3
N136SY,6600,3
N349PQ,6598,3
N650NK,6596,3
N862RW,6592,3
N652NK,6592,3
N339JB,6591,3
N634AE,6590,3
N791SK,6588,3
N8578Q,6587,3
N693BR,6587,3
N652RW,6586,3
N631AE,6585,3
N526EA,6584,3
N558WN,6583,3
N288SY,6580,3
N8573Z,6576,3
N653RW,6576,3
N341PQ,6575,3
N471CA,6574,3
N206JQ,6573,3
N296PQ,6571,3
N921EV,6569,3
N298PQ,6567,3
N337PQ,6566,3
N800AY,6565,3
N425AW,6561,3
N465SW,6559,3
N607AS,6556,3
N496CA,6554,3
N202JQ,6553,3
N640RW,6553,3
N346JB,6552,3
N919EV,6550,3
N638RW,6550,3
N201JQ,6550,3
N102HQ,6549,3
N281SY,6549,3
N515AE,6548,3
N645RW,6547,3
N537EA,6547,3
N840AY,6546,3
N8894A,6546,3
N638AE,6545,3
N285SY,6544,3
N631NK,6543,3
N513AE,6540,3
N905EV,6539,3
N113HQ,6538,3
N8580Z,6537,3
N859RW,6535,3
N631RW,6534,3
N348PQ,6531,3
N801AY,6530,3
N654RW,6530,3
N582CA,6529,3
N655RW,6529,3
N246SY,6528,3
N358JB,6528,3
N115HQ,6526,3
N634RW,6526,3
N819AY,6525,3
N649NK,6525,3
N629NK,6525,3
N8839E,6524,3
N303PQ,6524,3
N650RW,6523,3
N909SW,6522,3
N439SW,6521,3
N135HQ,6520,3
N657RW,6520,3
N637NK,6519,3
N615AE,6514,3
N980EV,6513,3
N156SY,6512,3
N612AE,6512,3
N649RW,6511,3
N290SY,6511,3
N8694A,6511,3
N330PQ,6511,3
N120HQ,6510,3
N213JQ,6510,3
N699BR,6510,3
N208SY,6508,3
N445SW,6508,3
N633QX,6507,3
N643RW,6507,3
N642NK,6507,3
N284SY,6506,3
N861RW,6503,3
N650AE,6503,3
N301PQ,6501,3
N632QX,6501,3
N294JB,6497,3
N464AW,6497,3
N647NK,6497,3
N138HQ,6495,3
N723PS,6495,3
N718PS,6493,3
N658AE,6489,3
N125SY,6489,3
N8327A,6483,3
N128HQ,6482,3
N210JQ,6481,3
N8581Z,6476,3
N427QX,6474,3
N625NK,6474,3
N162SY,6474,3
N502AE,6473,3
N725PS,6473,3
N945AT,6472,3
N151SY,6471,3
N8322X,6470,3
N633NK,6470,3
N206SY,6470,3
N187JB,6469,3
251NV,6468,3
N630NK,6468,3
N125HQ,6467,3
N119SY,6462,3
N239JB,6461,3
N646RW,6458,3
N858RW,6456,3
N107HQ,6456,3
N965SW,6455,3
N635NK,6454,3
N639NK,6453,3
N106HQ,6451,3
N648RW,6451,3
N489WN,6450,3
N130SY,6446,3
N209SY,6444,3
N334JB,6443,3
N207SY,6442,3
N204SY,6441,3
N468AW,6440,3
N8918B,6440,3
N200SY,6440,3
N211JQ,6439,3
N923XJ,6437,3
N165SY,6437,3
N927EV,6434,3
N110HQ,6434,3
N331PQ,6433,3
N216JQ,6432,3
N315PQ,6431,3
N8908D,6429,3
N638NK,6429,3
N135SY,6428,3
N461SW,6427,3
N272SY,6421,3
N335PQ,6419,3
N656RW,6419,3
N651RW,6419,3
N624NK,6418,3
N628NK,6416,3
N166SY,6414,3
N659AE,6414,3
N202SY,6413,3
N606AE,6412,3
N133HQ,6412,3
N109HQ,6411,3
N215JQ,6408,3
N164SY,6408,3
N645NK,6407,3
N743SK,6406,3
N157SY,6406,3
N7873A,6404,3
N833AY,6403,3
N8311Q,6403,3
N653NK,6399,3
N864RW,6399,3
N324PQ,6399,3
N307JB,6396,3
N160SY,6395,3
N686BR,6395,3
N651NK,6395,3
N291SY,6393,3
N532EA,6393,3
N644RW,6393,3
N936EV,6392,3
N630AE,6391,3
N181PQ,6391,3
N104HQ,6391,3
N211SY,6391,3
N789SK,6386,3
N152SY,6386,3
N374JB,6385,3
N517AE,6384,3
N752SK,6381,3
N912EV,6381,3
N129HQ,6381,3
N836AY,6380,3
N863RW,6378,3
N134SY,6376,3
N491WN,6376,3
N138SY,6375,3
N8320J,6374,3
N126HQ,6372,3
N163SY,6371,3
N133SY,6371,3
N8656B,6370,3
N8307K,6369,3
N8326F,6368,3
N116HQ,6367,3
N304PQ,6367,3
N636RW,6367,3
N561WN,6367,3
N503AE,6367,3
N311PQ,6366,3
N203SY,6365,3
N103HQ,6364,3
N856RW,6363,3
N792SK,6363,3
N168SY,6362,3
N855RW,6362,3
N279PQ,6361,3
N648NK,6360,3
N307PQ,6360,3
N161SY,6358,3
N154SY,6357,3
N928XJ,6356,3
N617NK,6356,3
N212JQ,6355,3
N708PS,6353,3
N979RP,6353,3
N512AE,6353,3
N205SY,6352,3
N621AE,6348,3
N924EV,6347,3
N179JB,6345,3
N318FR,6344,3
N316PQ,6343,3
N117SY,6342,3
N351JB,6341,3
N8309C,6340,3
N146SY,6339,3
N145SY,6337,3
N8869B,6336,3
N701SK,6336,3
N119HQ,6336,3
N146PQ,6336,3
N720PS,6336,3
N289SY,6333,3
N643NK,6333,3
N8313F,6332,3
253NV,6331,3
N292SY,6329,3
N323FR,6327,3
N184JB,6327,3
N316FR,6327,3
N149SY,6325,3
N8877A,6324,3
N719PS,6323,3
N621NK,6322,3
N796SK,6321,3
N123HQ,6320,3
N8329B,6320,3
N965AT,6319,3
N106SY,6319,3
N120SY,6319,3
N926XJ,6318,3
N626NK,6317,3
N632RW,6316,3
N144SY,6315,3
N623NK,6313,3
N8306H,6312,3
N167SY,6311,3
N446SW,6310,3
N110SY,6310,3
N205JQ,6309,3
N611NK,6308,3
N442SW,6308,3
N8308K,6308,3
N142SY,6307,3
N114HQ,6307,3
N108SY,6306,3
N636AE,6304,3
N457AW,6304,3
N140SY,6303,3
N542EA,6301,3
N797SK,6298,3
N258JB,6295,3
N8582Z,6295,3
N7860A,6294,3
N131HQ,6294,3
N166PQ,6293,3
N105HQ,6292,3
N8324A,6292,3
N712SK,6291,3
N8305E,6290,3
N122SY,6290,3
N616NK,6289,3
N646NK,6288,3
N324FR,6288,3
N644NK,6287,3
248NV,6287,3
N633RW,6285,3
N910EV,6285,3
N8310C,6283,3
N8584Z,6283,3
N641RW,6283,3
N530EA,6283,3
N127SY,6283,3
N636NK,6280,3
N679SA,6277,3
N113SY,6277,3
N528EG,6276,3
N531EG,6276,3
N706PS,6275,3
N153PQ,6274,3
N139SY,6274,3
N619NK,6274,3
N116SY,6273,3
N236FR,6273,3
N636QX,6273,3
N622NK,6272,3
N8325D,6270,3
N917EV,6268,3
N634NK,6268,3
N353JB,6267,3
N118SY,6265,3
N8321D,6265,3
N14162,6264,3
N121HQ,6261,3
N137HQ,6260,3
N459SW,6260,3
N235FR,6259,3
N448SW,6258,3
N609NK,6255,3
N310FR,6255,3
N522AE,6252,3
N130HQ,6251,3
N298JB,6251,3
N249JB,6251,3
N926EV,6250,3
N141SY,6250,3
N619AE,6249,3
N317FR,6249,3
N429SW,6246,3
N620NK,6245,3
N322FR,6243,3
N8303R,6240,3
N118HQ,6240,3
N8316H,6239,3
N857RW,6238,3
N748SK,6238,3
N150SY,6238,3
N233FR,6237,3
N313FR,6236,3
N8312C,6235,3
N641NK,6235,3
N8317M,6234,3
N274JB,6234,3
N111HQ,6233,3
N192JB,6233,3
N601EN,6232,3
N230FR,6231,3
N8314L,6231,3
N124SY,6228,3
N920XJ,6228,3
N932EV,6228,3
N121SY,6227,3
N8583Z,6225,3
N203JB,6223,3
N606NK,6223,3
N924XJ,6222,3
N923EV,6221,3
N428AW,6220,3
N607LR,6219,3
N8318F,6218,3
N637QX,6217,3
N523AE,6216,3
N608NK,6215,3
N762SK,6215,3
N640NK,6215,3
N607NK,6213,3
N107SY,6213,3
N312FR,6212,3
N479CA,6212,3
N228JB,6210,3
254NV,6208,3
N533AE,6207,3
N520DC,6207,3
N325PQ,6206,3
N208WN,6206,3
N8319F,6206,3
N8323C,6205,3
N324JB,6203,3
N506AE,6203,3
N337JB,6202,3
N112HQ,6202,3
N114SY,6200,3
N521AE,6200,3
N8328A,6199,3
N470ZW,6198,3
N153SY,6192,3
N8974C,6192,3
N504AE,6188,3
N758SK,6187,3
N630SK,6187,3
N613NK,6186,3
N320PQ,6186,3
N128SY,6185,3
N8302F,6185,3
255NV,6185,3
N424YX,6182,3
N705PS,6181,3
N506CA,6181,3
N309FR,6177,3
N132HQ,6176,3
N608LM,6176,3
N931XJ,6175,3
N716PS,6175,3
N429AW,6173,3
N919XJ,6171,3
N11176,6170,3
N432AW,6170,3
N101HQ,6169,3
N535EA,6169,3
N148SY,6169,3
N605NK,6168,3
N467AW,6167,3
N639QX,6167,3
N709SK,6167,3
N509AE,6167,3
N922XJ,6164,3
N541EA,6163,3
N117HQ,6162,3
N283JB,6162,3
N695CA,6162,3
N708SK,6161,3
N457SW,6160,3
N614NK,6159,3
N612AS,6158,3
N603NN,6156,3
N952LR,6155,3
N654NK,6155,3
N314PQ,6155,3
N127HQ,6153,3
N319PQ,6152,3
N198JB,6151,3
N612NK,6151,3
N416YX,6148,3
N722EV,6148,3
N665BC,6148,3
N638QX,6147,3
N308PQ,6145,3
N927XJ,6143,3
N368JB,6140,3
N8896A,6140,3
N8301J,6140,3
N751SK,6137,3
N273JB,6137,3
N702PS,6128,3
N308FR,6127,3
N318JB,6126,3
N936AT,6125,3
N538EG,6124,3
N292JB,6124,3
N529EA,6124,3
N618NK,6123,3
N354JB,6122,3
N323JB,6122,3
N600LR,6121,3
N903EV,6121,3
N607CZ,6119,3
N536EA,6119,3
N455SW,6119,3
N309PQ,6117,3
N124HQ,6117,3
N908XJ,6116,3
N452SW,6116,3
N641QX,6111,3
N913EV,6111,3
N916EV,6108,3
N132SY,6107,3
N8315C,6107,3
N433AW,6105,3
N247NN,6105,3
N411YX,6104,3
N355JB,6104,3
N886AS,6104,3
N627NK,6102,3
N109SY,6101,3
N959LR,6098,3
N637RW,6098,3
N7826B,6096,3
N8970D,6096,3
N920EV,6096,3
N103SY,6095,3
N953SW,6093,3
N449SW,6092,3
N14177,6091,3
N437SW,6089,3
N433SW,6088,3
N601NK,6086,3
N441ZW,6086,3
N455AW,6085,3
N122HQ,6084,3
N932AT,6082,3
N432SW,6080,3
N416AW,6078,3
N915EV,6077,3
N507AE,6076,3
N900EV,6075,3
N8976E,6072,3
N751EV,6072,3
N213SY,6070,3
N538CA,6069,3
N605LR,6068,3
N494CA,6068,3
N974AT,6067,3
N794SK,6066,3
N516AE,6066,3
N373JB,6065,3
N927SW,6064,3
N459AW,6062,3
N424AW,6062,3
N958LR,6061,3
N231JB,6060,3
N279JB,6058,3
N604NN,6058,3
N643QX,6056,3
N453AW,6055,3
N14179,6055,3
N460AW,6055,3
N329JB,6054,3
N423AW,6053,3
N329PQ,6053,3
N602NK,6053,3
N938AT,6050,3
N134HQ,6050,3
N136HQ,6049,3
N302PQ,6049,3
N524AE,6047,3
N7821L,6047,3
N431SW,6044,3
N970AT,6043,3
N33182,6043,3
N930XJ,6043,3
N425YX,6042,3
N724SK,6042,3
N988AT,6042,3
N420AW,6041,3
N957LR,6041,3
N543EA,6040,3
N610AE,6038,3
N456ZW,6038,3
N756SK,6037,3
N440YX,6033,3
N266JB,6032,3
N232FR,6031,3
N406YX,6031,3
N147PQ,6031,3
N702SK,6031,3
N758EV,6029,3
N986AT,6027,3
250NV,6026,3
N570WN,6025,3
N328JB,6025,3
N431AW,6025,3
N693CA,6022,3
N313PQ,6022,3
N193JB,6020,3
N143SY,6020,3
N8928A,6019,3
N466AW,6019,3
N954SW,6018,3
N7885A,6017,3
N766SK,6013,3
N12160,6012,3
N615NK,6011,3
N439YX,6010,3
N11181,6009,3
N7837A,6008,3
N16183,6007,3
N326FR,6006,3
N208AN,6005,3
N248NN,6004,3
N436YX,6002,3
N8986B,6000,3
N454SW,6000,3
N427YX,5999,3
N186PQ,5998,3
N429YX,5997,3
N454AW,5994,3
N265JB,5991,3
N8847A,5991,3
N21154,5989,3
N247JB,5987,3
N419AW,5986,3
N953LR,5986,3
N211FR,5986,3
N419YX,5986,3
N410AW,5985,3
N750SK,5984,3
N809CA,5983,3
N951SW,5982,3
N631SK,5981,3
N826SK,5980,3
N603NK,5980,3
N442YX,5980,3
N250NN,5979,3
N213FR,5979,3
N759EV,5978,3
N203NN,5978,3
N527EA,5978,3
N726SK,5977,3
N348JB,5977,3
N207AN,5976,3
N244LR,5975,3
N760EV,5974,3
N719SK,5973,3
N710SK,5972,3
N330FR,5971,3
N190JB,5971,3
N441SW,5971,3
N906XJ,5969,3
N105SY,5967,3
246NV,5967,3
N718SK,5965,3
N263WN,5965,3
N930EV,5963,3
N255NN,5962,3
N687JS,5962,3
N431YX,5960,3
N317JB,5960,3
N500AE,5958,3
N284JB,5958,3
N305FR,5957,3
N642QX,5956,3
N604LR,5955,3
N447YX,5954,3
N204NN,5954,3
N404YX,5953,3
N644QX,5953,3
N200NN,5951,3
N465AW,5951,3
N132EV,5951,3
N728SK,5950,3
N633SK,5950,3
N469AW,5949,3
N915XJ,5947,3
N453SW,5946,3
N681NK,5944,3
N210FR,5944,3
N461AW,5943,3
N678CA,5943,3
N874AS,5943,3
N420YX,5943,3
N17169,5942,3
N602NN,5941,3
N706SK,5938,3
N732SK,5938,3
N417YX,5938,3
N410YX,5937,3
N421YX,5935,3
N328FR,5935,3
249NV,5933,3
N673NK,5933,3
N422YX,5932,3
N917FJ,5931,3
N304FR,5929,3
247NV,5928,3
N765SK,5927,3
N468CA,5925,3
N426YX,5924,3
N753SK,5923,3
N187PQ,5921,3
N601XJ,5918,3
N440SW,5918,3
N804HC,5918,3
N306JB,5915,3
N229JB,5914,3
N798SW,5913,3
N412YX,5912,3
N675NK,5912,3
N727SK,5911,3
N243NN,5911,3
N246LR,5911,3
N604NK,5911,3
N261NN,5910,3
N443AW,5910,3
N303FR,5910,3
N206WN,5909,3
N788SA,5906,3
N625AE,5905,3
N7838A,5904,3
N603KC,5904,3
N216FR,5904,3
N401YX,5900,3
N310PQ,5898,3
N604CZ,5898,3
N464SW,5897,3
N444YX,5895,3
N260NN,5893,3
N879AS,5892,3
N256NN,5892,3
N471ZW,5889,3
N8836A,5889,3
N761ND,5889,3
N434YX,5887,3
N245NN,5883,3
N296JB,5882,3
N428YX,5878,3
N304JB,5878,3
N645QX,5878,3
N417AW,5877,3
N408YX,5877,3
N435YX,5875,3
N953AT,5873,3
N914XJ,5872,3
N326PQ,5871,3
N216WR,5871,3
N316JB,5870,3
N647QX,5868,3
N632SK,5867,3
N763SK,5867,3
N241NN,5867,3
N251NN,5866,3
N244NN,5866,3
N602LR,5865,3
N445YX,5862,3
N682NK,5862,3
N678NK,5860,3
N925EV,5859,3
N306PQ,5859,3
N409YX,5857,3
N660NK,5857,3
N426AW,5857,3
N609SK,5855,3
N415YX,5854,3
N754SK,5854,3
N931EV,5852,3
N889AS,5852,3
N625CA,5851,3
N253NN,5849,3
N11191,5849,3
N13161,5847,3
N802SK,5843,3
N832SK,5839,3
N447SW,5839,3
N413AW,5837,3
N195PQ,5835,3
N239NN,5834,3
N703SK,5833,3
N746SK,5832,3
N414YX,5832,3
N909XJ,5832,3
N209NN,5830,3
N813SK,5826,3
N831SK,5825,3
N611SK,5825,3
N405YX,5824,3
N446YX,5823,3
N793SA,5823,3
N458AW,5822,3
N608SK,5820,3
N258NN,5819,3
N907XJ,5819,3
N176PQ,5819,3
N607AT,5818,3
N740SK,5815,3
N252NN,5812,3
N905NK,5811,3
N257NN,5810,3
N940AT,5810,3
N755SK,5809,3
N914EV,5808,3
N418YX,5806,3
N674NK,5806,3
N601LR,5805,3
N918FJ,5804,3
N742SK,5803,3
N206NN,5801,3
N443YX,5801,3
N964AT,5800,3
N181GJ,5800,3
N441YX,5798,3
N450AW,5797,3
N442AW,5796,3
N548CA,5795,3
N423YX,5794,3
N407YX,5793,3
N605NN,5792,3
N205NN,5791,3
N903NK,5791,3
N911FJ,5790,3
N161PQ,5788,3
N8942A,5788,3
N776SK,5786,3
N170PQ,5786,3
252NV,5783,3
N744EV,5782,3
N748EV,5782,3
N437YX,5781,3
N413YX,5781,3
N462AW,5780,3
N238JB,5779,3
N955SW,5778,3
N201NN,5775,3
N603CZ,5775,3
N930LR,5773,3
N771SK,5773,3
N210NN,5772,3
N676NK,5772,3
N438YX,5772,3
N646QX,5770,3
N307FR,5769,3
N197JB,5769,3
N744SK,5769,3
N432YX,5766,3
N477CA,5764,3
N242NN,5764,3
N738SK,5763,3
N689CA,5763,3
N202NN,5762,3
N133EV,5762,3
N955LR,5760,3
N254NN,5759,3
N917XJ,5759,3
N667NK,5756,3
N263NN,5755,3
N227FR,5754,3
N435AW,5753,3
N705SK,5753,3
N162PQ,5753,3
N326MS,5751,3
N403YX,5748,3
N609DP,5748,3
N944SW,5747,3
N408AW,5747,3
N329FR,5746,3
N604SK,5746,3
N950LR,5746,3
N774SW,5745,3
N713SK,5744,3
N267JB,5744,3
N934FJ,5743,3
N824SK,5742,3
N602AE,5741,3
N613AE,5741,3
N817SK,5736,3
N603SK,5736,3
N136EV,5735,3
N672NK,5733,3
N685BR,5731,3
N606LR,5729,3
N715SK,5728,3
N827SK,5726,3
N764SK,5726,3
N925FJ,5725,3
N607SK,5723,3
N780SW,5723,3
N463SW,5721,3
N438SW,5721,3
N8943A,5721,3
N240NN,5720,3
N671NK,5719,3
N908SW,5719,3
N745SK,5718,3
N905J,5717,3
N915FJ,5717,3
N680NK,5715,3
N232PQ,5713,3
N430YX,5710,3
N501BG,5709,3
N311FR,5705,3
N225NN,5705,3
N309JB,5704,3
N821SK,5702,3
N669NK,5700,3
N809SK,5699,3
N433YX,5699,3
N223NN,5699,3
N668NK,5698,3
N415AW,5697,3
N438AW,5695,3
N692CA,5694,3
N606SK,5691,3
N786SW,5690,3
N908FJ,5690,3
N829SK,5689,3
N929XJ,5689,3
N822SK,5688,3
N16147,5685,3
N665NK,5684,3
N691CA,5684,3
N602XJ,5684,3
N885AS,5682,3
N229NN,5680,3
N663NK,5677,3
N7861J,5676,3
N402YX,5675,3
N662NK,5675,3
N246NN,5671,3
N803SK,5669,3
N262NN,5669,3
N13202,5669,3
N11193,5667,3
N910XJ,5666,3
N805HC,5666,3
N687NK,5663,3
N14186,5662,3
N14143,5661,3
N249NN,5660,3
N236NN,5659,3
N677NK,5657,3
N730SK,5654,3
N8933B,5653,3
N902FJ,5651,3
N411ZW,5645,3
N878AS,5642,3
N230NN,5639,3
N11150,5638,3
N224NN,5636,3
N760SK,5636,3
N679NK,5630,3
N904NK,5629,3
N707SK,5628,3
N954LR,5626,3
N664NK,5626,3
N659NK,5625,3
N554CA,5624,3
N443SW,5624,3
N449AW,5623,3
N719FR,5623,3
N918XJ,5623,3
N301FR,5623,3
N418AW,5621,3
N14174,5621,3
230NV,5618,3
N679CA,5615,3
N948LR,5614,3
N600BP,5612,3
N752EV,5610,3
N220NN,5608,3
N686NK,5607,3
N784SW,5607,3
N783SW,5605,3
N8891A,5603,3
N739GB,5603,3
N206JB,5602,3
N134EV,5599,3
N868AS,5599,3
N938LR,5598,3
N750EV,5598,3
N873AS,5597,3
N12175,5596,3
N8968E,5596,3
N875AS,5595,3
N216JB,5594,3
N211NN,5594,3
N656NK,5593,3
N8980A,5593,3
N774SK,5591,3
N375JB,5588,3
N820SK,5586,3
N704FR,5584,3
N641CA,5583,3
N430AW,5582,3
N331FR,5581,3
N212NN,5580,3
N713SW,5579,3
N670NK,5574,3
N430SW,5574,3
N329MS,5574,3
N716SK,5573,3
N184GJ,5572,3
N238FR,5571,3
N658NK,5570,3
N767SK,5569,3
N777QC,5566,3
N237NN,5563,3
N770SA,5560,3
N178JB,5560,3
N730EV,5559,3
232NV,5558,3
N245LR,5558,3
N657NK,5556,3
N944LR,5554,3
N137EV,5553,3
N231AN,5553,3
N833SK,5552,3
N14168,5551,3
N238NN,5550,3
N770SK,5550,3
N740EV,5548,3
N655NK,5543,3
N439AW,5538,3
N326DN,5538,3
N876AS,5534,3
N183JB,5531,3
N14153,5530,3
N605KS,5529,3
N234JW,5529,3
N753EV,5527,3
N12142,5523,3
N452AW,5522,3
N776WN,5519,3
N8965E,5518,3
N7889A,5517,3
N830SK,5515,3
N259NN,5514,3
N607AE,5513,3
N914FJ,5509,3
N791SW,5508,3
N902NK,5507,3
N869RW,5507,3
N810MD,5505,3
N706FR,5505,3
N327DN,5503,3
N447AW,5502,3
N320DN,5499,3
N14198,5499,3
N834SK,5499,3
N946LR,5499,3
N920FJ,5494,3
N440AW,5493,3
N916WN,5492,3
N12195,5492,3
N604AE,5491,3
N235NN,5490,3
N818MD,5487,3
N226NN,5483,3
N11199,5482,3
N894UA,5482,3
N778SW,5482,3
N895UA,5480,3
N221NN,5480,3
N16151,5479,3
N336DX,5478,3
N805SK,5477,3
N295SY,5475,3
N715FR,5474,3
N778SK,5474,3
N825SK,5474,3
N294SY,5470,3
N904FJ,5470,3
N907SW,5469,3
N871RW,5468,3
N916XJ,5462,3
N334FR,5462,3
N293SY,5458,3
N755EV,5457,3
N549CA,5455,3
N713FR,5455,3
N534AE,5452,3
N606NN,5448,3
N246PS,5445,3
N835AW,5443,3
N916FJ,5440,3
N11194,5439,3
N815MD,5439,3
N12157,5439,3
N446AW,5437,3
N435SW,5432,3
N921XJ,5430,3
N804SK,5430,3
N704SW,5428,3
N340DN,5426,3
N801HC,5424,3
N328DN,5422,3
N613SK,5420,3
N705FR,5411,3
N323DN,5409,3
N265NN,5407,3
N913XJ,5405,3
N702FR,5401,3
N700GS,5401,3
N925XJ,5398,3
N614SK,5398,3
N227NN,5397,3
N684NK,5396,3
N661NK,5395,3
N685NK,5392,3
N607NN,5390,3
N8903A,5389,3
N339DN,5387,3
N893UA,5386,3
N683NK,5385,3
N825UA,5381,3
N837AW,5380,3
N800SK,5377,3
N236JB,5376,3
N752US,5374,3
N706SW,5373,3
N487CA,5371,3
N823MD,5366,3
N928EV,5363,3
N710SW,5360,3
N824MD,5359,3
N870RW,5359,3
N902XJ,5358,3
N131EV,5355,3
N709FR,5354,3
233NV,5353,3
N8886A,5352,3
N906FJ,5352,3
N228NN,5350,3
N427ZW,5350,3
N750UW,5349,3
N918SW,5349,3
N845UA,5348,3
N831UA,5347,3
N652BR,5345,3
N436AW,5344,3
N872RW,5343,3
N317CA,5343,3
N741EV,5342,3
N7834A,5342,3
N17146,5341,3
N412AW,5341,3
N7817J,5338,3
N338DN,5337,3
N318DX,5337,3
N7882B,5337,3
N335FR,5337,3
N690NK,5337,3
N325DN,5336,3
N867RW,5330,3
N205FR,5329,3
N812AW,5328,3
N329DN,5327,3
N751UW,5327,3
N451AW,5323,3
N233NN,5322,3
N701GS,5322,3
N110UW,5320,3
N321DH,5320,3
N448AW,5316,3
N811UA,5316,3
N463AW,5315,3
N341DN,5313,3
256NV,5312,3
N525AE,5309,3
N838AW,5306,3
N878RW,5306,3
N742SW,5306,3
N346DN,5305,3
N762US,5305,3
N319DN,5303,3
N232NN,5303,3
N816AW,5302,3
N833UA,5302,3
N14204,5300,3
N927LR,5299,3
N852UA,5297,3
N708FR,5295,3
N417SW,5292,3
234NV,5287,3
N742PS,5287,3
N107US,5286,3
N119US,5284,3
N8969A,5282,3
N334DN,5278,3
N331DN,5276,3
N924FJ,5276,3
N846UA,5275,3
N829UA,5275,3
N905WN,5275,3
N8932C,5272,3
N901XJ,5272,3
N331CA,5270,3
N85355,5270,3
N8837B,5269,3
N89315,5268,3
N844UA,5268,3
N768SK,5266,3
N135EV,5266,3
N544EA,5265,3
N908EV,5263,3
N890UA,5263,3
N11187,5263,3
N661AW,5261,3
N296SY,5260,3
N896UA,5255,3
N375NC,5252,3
N744P,5251,3
N207FR,5250,3
N912XJ,5248,3
N773SK,5247,3
N823UA,5247,3
N910FJ,5247,3
N206FR,5247,3
N335DN,5246,3
N809UA,5246,3
N892UA,5245,3
N662AW,5244,3
N824UA,5243,3
N669AW,5241,3
223NV,5241,3
N12136,5241,3
N85356,5238,3
N302DN,5236,3
N445AW,5235,3
N330DX,5235,3
N821UA,5232,3
218NV,5231,3
N939AT,5231,3
N660AW,5230,3
N138EV,5230,3
N745VJ,5229,3
N324DX,5228,3
N87353,5228,3
N86347,5226,3
N342DN,5225,3
N214NN,5224,3
N853UA,5222,3
N103US,5217,3
N919FJ,5215,3
N14173,5213,3
N390CA,5213,3
N673AW,5213,3
N317DN,5213,3
N858AE,5213,3
N724UW,5212,3
N648QX,5212,3
N314DN,5211,3
N823SK,5211,3
N336FR,5210,3
N21197,5209,3
N659AW,5208,3
N332DN,5208,3
N12172,5207,3
N966AT,5207,3
N772SK,5203,3
N267NN,5199,3
N88359,5199,3
N826UA,5199,3
N315DN,5197,3
N85354,5196,3
N27190,5195,3
N851UA,5193,3
N87337,5193,3
N721FR,5192,3
N337DN,5192,3
N182GJ,5187,3
N848UA,5186,3
N723SW,5184,3
222NV,5182,3
N830UA,5182,3
N117UW,5182,3
N822UA,5182,3
N304DN,5180,3
N8775A,5176,3
N720FR,5174,3
N348DN,5171,3
N898SK,5170,3
N722US,5170,3
N332FR,5168,3
N916SW,5165,3
N114UW,5164,3
N333DX,5164,3
N264NN,5163,3
N123UW,5160,3
N904XJ,5159,3
N608NN,5158,3
N89313,5158,3
N901NK,5158,3
N857AE,5157,3
N832UA,5156,3
N84307,5155,3
N718FR,5155,3
N301DV,5153,3
N85352,5153,3
N125UW,5153,3
N918WN,5153,3
N935LR,5152,3
N915SW,5151,3
N297SY,5149,3
N769US,5149,3
N350DN,5149,3
N879RW,5146,3
N809AW,5145,3
N889UA,5145,3
N316DN,5145,3
N313DN,5144,3
N898UA,5144,3
N741SA,5143,3
N924AT,5140,3
N354NB,5139,3
N322DN,5139,3
N725UW,5136,3
N741UW,5135,3
N21129,5134,3
N368CA,5134,3
N80348,5132,3
N437AW,5132,3
N8683B,5132,3
N86316,5129,3
N339FR,5129,3
N981EV,5129,3
N712FR,5129,3
N378NW,5128,3
N649QX,5126,3
N221PS,5125,3
N909FJ,5125,3
N816SK,5123,3
N691NK,5123,3
N749US,5122,3
N118US,5121,3
N14125,5120,3
N86350,5119,3
N824AW,5117,3
N732US,5116,3
N767UW,5114,3
N303DN,5112,3
257NV,5112,3
N88331,5110,3
N345DN,5108,3
N88310,5106,3
N86309,5105,3
N817AW,5104,3
231NV,5103,3
N269NN,5103,3
N217NN,5102,3
N836AW,5102,3
N711UW,5100,3
216NV,5100,3
N921AT,5100,3
N88328,5097,3
N87360,5093,3
N821AW,5093,3
N12163,5092,3
N127UW,5091,3
N128UW,5089,3
N921WN,5089,3
N503NK,5088,3
N222NS,5088,3
N409AW,5088,3
N7718B,5087,3
N757UW,5086,3
N105UW,5086,3
N228FR,5085,3
N370NB,5081,3
N352NB,5081,3
N86311,5080,3
N112US,5080,3
N86322,5078,3
N919AT,5077,3
N183GJ,5075,3
N823AW,5075,3
N317NB,5074,3
N229FR,5074,3
N126UW,5073,3
N353NW,5071,3
N102UW,5069,3
N994AT,5068,3
N213NN,5066,3
N272NN,5063,3
N805AW,5058,3
N218NN,5057,3
N680AW,5057,3
N754UW,5056,3
N109UW,5054,3
N714FR,5054,3
N108UW,5052,3
N85358,5052,3
N601AW,5051,3
N266NN,5051,3
N909EV,5050,3
N716UW,5048,3
N13124,5047,3
N827UA,5043,3
N804AW,5042,3
N733UW,5041,3
N692NK,5041,3
N519LR,5040,3
N341FR,5039,3
N947LR,5037,3
N86312,5035,3
N338FR,5033,3
N535NK,5031,3
N891UA,5030,3
N7717D,5029,3
N758US,5029,3
N21144,5027,3
N86344,5024,3
N87318,5023,3
N354NW,5022,3
N808AW,5020,3
N609NN,5017,3
N337FR,5016,3
N353NB,5014,3
N714US,5014,3
N333NB,5011,3
N398CA,5010,3
N83329,5009,3
N363NW,5008,3
N717UW,5003,3
N88335,5001,3
N492SW,5001,3
N806SK,5001,3
N530NK,5000,3
N337NB,4998,3
N814UA,4998,3
N715UW,4997,3
N17138,4995,3
N104UW,4994,3
N802UA,4994,3
N716FR,4993,3
N364NW,4993,3
N896SK,4991,3
N88330,4990,3
N723UW,4990,3
N367CA,4989,3
N934AT,4989,3
N87345,4987,3
N921FJ,4986,3
N271NN,4984,3
316NV,4983,3
N23139,4983,3
N711FR,4980,3
N653AW,4979,3
N819UA,4979,3
N111US,4979,3
N928LR,4978,3
N259PS,4978,3
N377NW,4977,3
N922FJ,4977,3
N365NW,4977,3
309NV,4975,3
N85320,4974,3
N82338,4973,3
N344DN,4973,3
N903FJ,4971,3
N701FR,4970,3
N582UW,4970,3
N657AW,4969,3
N80343,4968,3
N318NB,4968,3
N89317,4968,3
N373NW,4967,3
N351NB,4966,3
N268NN,4966,3
N376CA,4965,3
N88326,4964,3
N903XJ,4964,3
N82333,4964,3
N668AW,4963,3
N693NK,4961,3
N913FJ,4960,3
N361NW,4957,3
N321US,4957,3
N336NB,4957,3
N350NA,4956,3
N14148,4954,3
N899UA,4953,3
N664AW,4953,3
N747UW,4952,3
N332NW,4947,3
312NV,4944,3
N326NB,4943,3
N371CA,4943,3
N89342,4943,3
N802AW,4943,3
N756US,4942,3
N827AW,4942,3
N352NW,4939,3
N215NN,4938,3
N82314,4938,3
N305DN,4937,3
N124US,4935,3
N779CA,4933,3
N85351,4933,3
N754EV,4933,3
N812UA,4933,3
N813AW,4930,3
N322NB,4929,3
240NV,4929,3
N694NK,4926,3
N934SW,4925,3
N836SK,4924,3
N650QX,4924,3
N7719A,4924,3
N523NK,4923,3
N87319,4921,3
N834UA,4920,3
N755US,4920,3
N768US,4919,3
N88332,4919,3
N340CA,4917,3
N89304,4915,3
N808UA,4915,3
N529NK,4912,3
N312US,4910,3
N365NB,4910,3
N7716A,4906,3
N88327,4905,3
N816UA,4901,3
N847UA,4899,3
311NV,4896,3
N658AW,4896,3
N534NK,4896,3
N12145,4894,3
N935XJ,4894,3
N710FR,4894,3
N86336,4893,3
N320NB,4893,3
N249LR,4891,3
N87302,4891,3
N832AW,4891,3
N242LR,4891,3
N502NK,4888,3
N840AW,4888,3
N854UA,4887,3
N818UA,4883,3
N828UA,4883,3
N836UA,4880,3
N527NK,4878,3
N522NK,4878,3
N87306,4874,3
N89349,4868,3
N658CA,4867,3
N656CA,4866,3
N663AW,4865,3
N814AW,4864,3
N343DN,4862,3
N270NN,4861,3
N342FR,4861,3
N366NB,4859,3
N712US,4859,3
N359NW,4858,3
N837SK,4857,3
N807AW,4854,3
N721UW,4854,3
N822AW,4852,3
N536NK,4848,3
N700UW,4848,3
N219NN,4846,3
N897SK,4845,3
N647AW,4844,3
N652AW,4844,3
N834AW,4843,3
N248LR,4843,3
N334NW,4842,3
N330NB,4841,3
N24128,4840,3
N89357,4840,3
N801AW,4840,3
N860RW,4840,3
N223JS,4840,3
217NV,4837,3
N766US,4835,3
N651AW,4834,3
N604AW,4834,3
N819AW,4833,3
N748UW,4833,3
N826AW,4832,3
305NV,4830,3
N835UA,4829,3
215NV,4828,3
N275NN,4825,3
N587UW,4822,3
N345NW,4820,3
N121UW,4820,3
N86334,4815,3
N31131,4812,3
N737US,4811,3
N468UA,4809,3
N668CA,4808,3
N467UA,4803,3
N839AW,4802,3
308NV,4802,3
229NV,4802,3
N352DN,4802,3
N337NW,4799,3
N579UW,4796,3
N932LR,4795,3
N704US,4792,3
N701UW,4789,3
N16149,4789,3
N510MJ,4789,3
N770UW,4788,3
329NV,4788,3
N817UA,4787,3
N374NW,4786,3
N465UA,4784,3
N274NN,4783,3
N344FR,4783,3
N730US,4782,3
N820AW,4780,3
N8783E,4779,3
258NV,4778,3
N952SW,4775,3
N532NK,4775,3
324NV,4772,3
N753US,4772,3
N363NB,4769,3
N344NW,4769,3
N528NK,4769,3
N306DN,4768,3
330NV,4768,3
N349NB,4767,3
N655CA,4767,3
N360NB,4763,3
N298SY,4760,3
N241LR,4759,3
N531NK,4759,3
N936XJ,4759,3
N916US,4759,3
N89321,4759,3
N319NB,4759,3
N85323,4757,3
N371NW,4757,3
N414ZW,4756,3
N533NK,4755,3
N830AW,4754,3
N931LR,4754,3
N88346,4754,3
N656AW,4753,3
N340NW,4751,3
N11106,4747,3
N11113,4747,3
N905XJ,4744,3
N88325,4743,3
N971UY,4742,3
N525NK,4742,3
N586UW,4740,3
N939LR,4740,3
N391CA,4739,3
N924US,4738,3
N333NW,4738,3
N820UA,4736,3
N610CZ,4732,3
N838SK,4732,3
N364DX,4729,3
N366NW,4727,3
N912UY,4727,3
N196UW,4725,3
N897UA,4724,3
N353DN,4721,3
N444ZW,4720,3
N355NB,4720,3
N369NB,4719,3
N852AE,4719,3
N88301,4718,3
N331NW,4716,3
N273NN,4716,3
N594SW,4716,3
N453UA,4715,3
N459UA,4715,3
N519NK,4715,3
N457UA,4714,3
N951LR,4714,3
N504NK,4713,3
N360NW,4712,3
N912FJ,4711,3
N321NB,4710,3
N462UA,4707,3
N485UA,4706,3
N299SY,4706,3
N709UW,4705,3
N216NN,4705,3
N488UA,4704,3
N927UW,4702,3
N87339,4701,3
219NV,4700,3
N705UW,4697,3
N760US,4696,3
N922US,4695,3
N651QX,4695,3
N300SY,4693,3
N460UA,4692,3
261NV,4692,3
N763US,4691,3
N553WN,4690,3
N746UW,4689,3
N806AW,4688,3
N88341,4687,3
N265AK,4686,3
N702UW,4686,3
N764US,4686,3
N915US,4686,3
N316NB,4685,3
N11137,4683,3
N490UA,4683,3
N376NW,4681,3
N347NW,4680,3
N361DN,4677,3
N833AW,4675,3
N611NN,4674,3
N356DN,4673,3
N357DN,4671,3
N343FR,4671,3
224NV,4669,3
N355NW,4668,3
N464UA,4668,3
N86324,4665,3
N360DN,4664,3
N349NW,4660,3
N354DN,4659,3
N276NN,4659,3
N13132,4658,3
N713UW,4657,3
N650AW,4657,3
N917UY,4655,3
N277NN,4654,3
N612NN,4654,3
N930AT,4653,3
325NV,4651,3
N329NB,4651,3
N524NK,4650,3
N828AW,4650,3
N695NK,4650,3
331NV,4648,3
313NV,4647,3
N195UW,4646,3
N359DN,4645,3
N521NK,4645,3
N581UW,4643,3
N356NW,4643,3
N347NB,4643,3
N765US,4640,3
N351DN,4637,3
N358DN,4637,3
N469UA,4636,3
N932XJ,4636,3
N335NB,4634,3
N708UW,4633,3
N358NW,4631,3
N198UW,4630,3
N740UW,4628,3
N283AK,4628,3
N925UY,4624,3
N410UA,4623,3
N518LR,4623,3
N279MQ,4621,3
N831AE,4620,3
N348NB,4618,3
N14158,4618,3
N408UA,4617,3
N122US,4616,3
N346FR,4614,3
N323NB,4614,3
262NV,4614,3
N738US,4613,3
N349DX,4610,3
N452UA,4609,3
N355DN,4607,3
N228PQ,4606,3
N368NB,4602,3
326NV,4600,3
N815AW,4600,3
N63820,4600,3
N514NK,4598,3
N497UA,4597,3
N458UA,4596,3
N357NB,4590,3
N362DN,4589,3
N839UA,4589,3
N703UW,4587,3
N914UY,4586,3
N774DE,4585,3
N942LR,4585,3
N515NK,4585,3
N515MJ,4584,3
N309US,4583,3
N347DN,4582,3
N926UW,4582,3
N775SW,4581,3
N282AK,4581,3
N871DN,4580,3
N27152,4580,3
N510UW,4577,3
N585UW,4577,3
N426UA,4576,3
N16178,4576,3
N937SW,4576,3
N301SY,4574,3
N854AS,4571,3
N825AW,4569,3
N418UA,4569,3
N284AK,4567,3
N237AK,4565,3
306NV,4565,3
N923US,4564,3
220NV,4561,3
N7712G,4561,3
N16541,4561,3
N549UW,4559,3
N578UW,4557,3
N818AW,4555,3
N902DN,4555,3
N974UY,4554,3
N483UA,4554,3
N413UA,4553,3
N251AK,4548,3
N302SY,4548,3
N274AK,4546,3
310NV,4543,3
N810UA,4543,3
N507NK,4543,3
N556UW,4542,3
N583UW,4542,3
N319AS,4542,3
N359NB,4541,3
319NV,4537,3
N373DX,4537,3
N782SA,4536,3
N928SW,4535,3
N66897,4534,3
N523UW,4534,3
N507AY,4534,3
N526NK,4532,3
N907FJ,4531,3
N68823,4531,3
N844VA,4528,3
N813DN,4527,3
N363DN,4526,3
N797MX,4524,3
N512NK,4523,3
N278AK,4522,3
N870DN,4521,3
N535UW,4521,3
N347FR,4516,3
N473UA,4516,3
N552WN,4514,3
N65832,4514,3
N278NN,4514,3
N280AK,4510,3
N493UA,4510,3
N508AY,4509,3
N501MJ,4509,3
N771SA,4506,3
N789SW,4504,3
N312DN,4503,3
N402WN,4503,3
N61898,4502,3
N945LR,4502,3
N913US,4501,3
N320AS,4499,3
N614CZ,4499,3
N281AK,4499,3
N610NN,4497,3
N87303,4497,3
N348NW,4496,3
N69824,4495,3
N200PQ,4493,3
N62889,4492,3
N277AK,4492,3
N367NW,4490,3
N508MJ,4490,3
260NV,4489,3
N444UA,4485,3
N469AS,4484,3
337NV,4484,3
N253AK,4483,3
N857DZ,4481,3
N320US,4481,3
N414UA,4481,3
N509AY,4480,3
N366DX,4479,3
N471UA,4478,3
N979UY,4478,3
276NV,4478,3
N580UW,4477,3
N790SW,4477,3
N834DN,4477,3
N805DN,4476,3
N89308,4476,3
N534UW,4476,3
N524UW,4475,3
N194UW,4473,3
221NV,4472,3
N506MJ,4471,3
N62895,4471,3
N275AK,4470,3
N341NW,4470,3
N63899,4470,3
N938SW,4469,3
N975UY,4469,3
N343NW,4468,3
N85340,4468,3
N472UA,4468,3
N794SW,4468,3
N270WN,4467,3
N416UA,4467,3
N69830,4466,3
N562UW,4466,3
N62892,4464,3
N354CA,4463,3
N779SW,4463,3
N424UA,4462,3
N463UA,4461,3
N901EV,4458,3
N919US,4458,3
N470UA,4457,3
N956LR,4456,3
N93305,4455,3
N309AS,4455,3
N846DN,4455,3
N405AW,4454,3
N795SW,4453,3
N561UW,4451,3
N268AK,4449,3
328NV,4446,3
N551UW,4445,3
N339NB,4444,3
N545UW,4441,3
N66828,4440,3
N522LR,4439,3
N787SA,4438,3
N613CZ,4438,3
N311DN,4437,3
N67812,4437,3
N7814B,4436,3
N264AK,4435,3
N813UA,4435,3
N796SW,4434,3
N466UA,4433,3
N511MJ,4432,3
N207PS,4431,3
N440UA,4429,3
N519UW,4428,3
N38479,4427,3
N349FR,4425,3
N66893,4425,3
N248AK,4425,3
N829AW,4423,3
N874DN,4422,3
318NV,4422,3
N461UA,4420,3
N822AE,4420,3
N852DN,4419,3
N281NN,4417,3
N509NK,4414,3
N260AK,4412,3
N920US,4411,3
N817DN,4411,3
N949FR,4409,3
N433LV,4408,3
N372NW,4407,3
N710UW,4407,3
N503MJ,4406,3
N370NW,4406,3
N507MJ,4405,3
N69818,4404,3
N151UW,4404,3
N557UW,4403,3
N421ZW,4403,3
N67815,4402,3
N982VJ,4402,3
N66837,4401,3
N554UW,4401,3
N811DZ,4400,3
N238AK,4400,3
N10156,4399,3
N68821,4398,3
N772XF,4397,3
N505NK,4396,3
N899SK,4396,3
N544UW,4393,3
N810AW,4393,3
N513MJ,4393,3
N371DN,4390,3
N980UY,4390,3
N7711N,4389,3
N576UW,4386,3
N351FR,4385,3
N845VA,4384,3
N69804,4383,3
N351NW,4383,3
N411UA,4381,3
N849DN,4381,3
N717FR,4381,3
235NV,4380,3
N68802,4380,3
N491AS,4379,3
N66803,4379,3
N474AS,4375,3
N314PD,4375,3
N270AK,4374,3
N375DN,4372,3
N199UW,4371,3
N936SW,4370,3
N422UA,4370,3
N73445,4369,3
N62894,4369,3
N743SW,4368,3
N176UW,4367,3
N4888U,4367,3
N272AK,4366,3
N368DN,4365,3
N453AS,4365,3
N377DE,4365,3
N712JB,4364,3
307NV,4363,3
N568WN,4362,3
N768SW,4360,3
N374DX,4358,3
N369DN,4358,3
N317AS,4358,3
N342NW,4357,3
N62884,4357,3
N808DN,4355,3
N263AK,4355,3
N715SW,4353,3
N820DN,4352,3
N896DN,4351,3
N338NW,4351,3
N873DN,4350,3
N973UY,4350,3
N428UA,4350,3
N516LR,4349,3
N66808,4349,3
N853VA,4348,3
N818DA,4348,3
N763JB,4347,3
N972UY,4347,3
N819DN,4347,3
N976UY,4345,3
N405UA,4345,3
N187US,4344,3
N559UW,4344,3
N705SW,4343,3
N493AS,4343,3
N489UA,4342,3
N61886,4341,3
N358PW,4341,3
N970UY,4340,3
N285AK,4338,3
N873RW,4338,3
N376DN,4337,3
N361VA,4336,3
N573UW,4335,3
N977NN,4335,3
N62896,4334,3
N68801,4333,3
N12201,4332,3
N478AS,4331,3
N558UW,4329,3
N726SW,4329,3
N907NK,4327,3
N372DN,4326,3
N776DE,4326,3
N508NK,4326,3
N510NK,4325,3
N516NK,4325,3
N280NN,4325,3
N61887,4325,3
N342PM,4323,3
N350FR,4322,3
N921US,4322,3
N344PP,4321,3
241NV,4321,3
N839DN,4321,3
N68807,4320,3
N872DN,4320,3
N707SA,4318,3
N821DN,4318,3
N572UW,4318,3
N875DN,4316,3
N471AS,4315,3
N428AS,4315,3
N315AS,4314,3
N540UW,4314,3
N181UW,4313,3
N68843,4313,3
N850DN,4312,3
N247LR,4312,3
259NV,4311,3
N864DN,4311,3
N844DN,4311,3
N345NB,4310,3
N869DN,4310,3
N649PP,4309,3
N403UA,4308,3
N768JB,4307,3
N552UW,4306,3
N542UW,4306,3
N310DN,4306,3
N837DN,4305,3
N69810,4304,3
N679AW,4304,3
N981UY,4304,3
N27200,4303,3
N381DZ,4302,3
N855VA,4302,3
333NV,4302,3
N832DN,4301,3
N812DN,4301,3
N337PJ,4300,3
N486AS,4300,3
N851VA,4298,3
N11189,4298,3
N926NN,4298,3
N831AW,4298,3
N69806,4297,3
N355PU,4297,3
N562JB,4296,3
N8688C,4296,3
N61881,4296,3
N365DN,4295,3
N654AW,4294,3
N855DN,4293,3
N495AS,4292,3
N464AS,4292,3
N370DN,4291,3
N655AW,4291,3
N343NB,4291,3
N584UW,4290,3
N995AN,4289,3
N505MJ,4289,3
N696NK,4288,3
N354PT,4288,3
N897DN,4288,3
N913NK,4288,3
N64809,4288,3
N892AT,4288,3
N483AS,4287,3
N918US,4287,3
N910AU,4286,3
N906DN,4286,3
N179UW,4286,3
N367DN,4285,3
N368NW,4284,3
N371NB,4284,3
N481AS,4284,3
N719SW,4284,3
N454UA,4283,3
N316PF,4282,3
N342NB,4282,3
N167US,4281,3
N825AE,4281,3
N665AW,4281,3
N835VA,4280,3
N851DN,4280,3
N492AS,4279,3
N963NN,4279,3
N881AS,4279,3
N856AS,4277,3
N482UA,4277,3
N880AS,4276,3
N336NW,4275,3
N69816,4274,3
N467AS,4273,3
N429UA,4273,3
N575UW,4272,3
N456UA,4272,3
N977UY,4272,3
N634JB,4272,3
N632JB,4272,3
N282NN,4270,3
N68822,4269,3
N868DN,4269,3
N267AK,4268,3
N315PE,4268,3
N451UA,4267,3
N236AK,4265,3
N472AS,4265,3
N627JB,4264,3
N848VA,4263,3
N174US,4263,3
N434AS,4263,3
N908NK,4262,3
N427SW,4261,3
N357PV,4260,3
N836DN,4259,3
N7709A,4259,3
N445UA,4258,3
N807DN,4257,3
N67846,4257,3
N446UA,4256,3
N905AU,4256,3
N442AS,4254,3
N247AK,4254,3
N814DN,4253,3
N854AE,4253,3
N913SW,4252,3
N856DN,4252,3
N413AS,4251,3
N868RW,4251,3
N923FJ,4250,3
N433AS,4250,3
N172US,4250,3
N369NW,4249,3
N402UA,4249,3
N644JB,4244,3
N461AS,4244,3
N552JB,4243,3
N840DN,4243,3
N852VA,4242,3
N357FC,4242,3
317NV,4241,3
N899DN,4241,3
N448UA,4240,3
N37456,4240,3
N38458,4239,3
N986NN,4238,3
N3754A,4237,3
N978NN,4236,3
N36444,4235,3
N840VA,4235,3
N998NN,4234,3
N722FR,4234,3
N150UW,4234,3
N908AA,4233,3
N435AS,4232,3
N845DN,4231,3
N862DN,4231,3
N407UA,4231,3
N554WN,4230,3
N39461,4229,3
N816DN,4229,3
N38467,4228,3
N980NN,4228,3
N3759,4226,3
N161UW,4225,3
N37471,4224,3
N61882,4224,3
N487AS,4224,3
N7707C,4224,3
N407AS,4222,3
N28478,4222,3
N955NN,4221,3
N380DN,4221,3
N854DN,4221,3
N909AM,4220,3
N683DA,4219,3
301NV,4217,3
272NV,4217,3
N377DN,4216,3
N996NN,4216,3
N309PC,4216,3
N339NW,4215,3
N997NN,4214,3
N959NN,4214,3
N651JB,4214,3
N809DN,4214,3
N440AS,4213,3
N339PL,4213,3
N335NW,4213,3
N69885,4211,3
N14203,4211,3
N379DN,4210,3
N303AS,4210,3
N186US,4210,3
N7710A,4210,3
N521LR,4209,3
N69847,4208,3
N3731T,4207,3
N580JB,4206,3
N956NN,4206,3
N517NK,4205,3
N3750D,4205,3
N860DN,4205,3
N417UA,4205,3
271NV,4204,3
N425UA,4204,3
N861DN,4204,3
N37700,4202,3
334NV,4202,3
N858DZ,4201,3
N951NN,4200,3
N667AW,4200,3
N815DN,4199,3
N67845,4198,3
N62883,4197,3
N188US,4197,3
N847DN,4196,3
N810DN,4195,3
N3771K,4195,3
N849VA,4195,3
N66831,4195,3
N896NN,4195,3
N898DN,4195,3
N68811,4194,3
N37470,4194,3
N315NB,4193,3
N53442,4193,3
N165NN,4193,3
N69819,4193,3
N874RW,4193,3
N841VA,4192,3
N613JB,4191,3
N38443,4191,3
N152UW,4191,3
N804DN,4189,3
N3732J,4189,3
N848DN,4189,3
N173US,4189,3
N652JB,4188,3
N979NN,4188,3
327NV,4188,3
N468AS,4187,3
N512MJ,4187,3
N958NN,4186,3
N403AS,4183,3
N806DN,4183,3
N907AA,4183,3
N273AK,4182,3
N982NN,4182,3
N904AA,4181,3
N514MJ,4181,3
N306AS,4181,3
N182UW,4180,3
N462AS,4179,3
N927NN,4178,3
N978UY,4178,3
N838VA,4177,3
N494UA,4177,3
N69888,4177,3
N509MJ,4174,3
N11165,4174,3
N504MJ,4174,3
N406UA,4174,3
N653JB,4173,3
N431AS,4173,3
N973NN,4173,3
N3769L,4172,3
N950NN,4172,3
N338PK,4172,3
N137AA,4172,3
N839VA,4172,3
N796JB,4171,3
N419AS,4171,3
N63890,4171,3
N995NN,4170,3
N7708E,4170,3
N301NW,4169,3
N177US,4169,3
N568UW,4168,3
N839SK,4167,3
N904DN,4167,3
N375DA,4167,3
N931NN,4166,3
N459AS,4166,3
N3772H,4165,3
N37466,4165,3
N865DN,4163,3
N393DA,4163,3
N37474,4163,3
N67827,4163,3
N809MD,4163,3
N37437,4162,3
N344NB,4159,3
N606JB,4159,3
N923AT,4158,3
N906AA,4158,3
N998AN,4158,3
N579JB,4158,3
N990NN,4157,3
N766JB,4156,3
N637JB,4155,3
N3734B,4154,3
N715JB,4153,3
N68891,4153,3
N53441,4153,3
N853DN,4153,3
N68842,4152,3
N427UA,4152,3
N859DN,4151,3
N912NK,4151,3
N993NN,4150,3
N3751B,4148,3
N352FR,4148,3
N534JB,4148,3
N301PA,4146,3
N803DN,4146,3
N905DN,4146,3
N842DN,4145,3
N305NX,4145,3
N983NN,4144,3
N929AA,4143,3
N646JB,4143,3
N784JB,4143,3
N841DN,4142,3
N902AA,4142,3
N412UA,4142,3
N348FR,4142,3
N288AK,4142,3
N66841,4142,3
N968NN,4141,3
N989AU,4141,3
N359PX,4140,3
N947NN,4140,3
N3740C,4139,3
N944NN,4139,3
N38451,4138,3
N383DZ,4138,3
N3765,4138,3
N494AS,4137,3
N988AL,4137,3
N910DU,4137,3
N39423,4137,3
N583JB,4137,3
N607JB,4136,3
N338NB,4136,3
N38459,4135,3
N969NN,4134,3
N586JB,4134,3
N984NN,4133,3
N390DA,4132,3
N558JB,4131,3
N878NN,4130,3
N77430,4130,3
N633JB,4129,3
N970NN,4129,3
N420UA,4129,3
N164NN,4129,3
N153UW,4128,3
N985NN,4128,3
N915NK,4128,3
N891AT,4128,3
N953NN,4127,3
N992AU,4126,3
N802DN,4126,3
N64844,4125,3
N957NN,4125,3
N37464,4124,3
N401UA,4124,3
N402AS,4123,3
N543UW,4123,3
N602UX,4123,3
N3773D,4122,3
N903AA,4122,3
N283NN,4122,3
N933NN,4122,3
N623JB,4120,3
N941NN,4120,3
N3757D,4120,3
N945NN,4119,3
N993AN,4119,3
N615JB,4119,3
N949NN,4118,3
N36447,4118,3
N66848,4118,3
N989DN,4118,3
N69840,4117,3
N910NK,4117,3
N3730B,4116,3
N779JB,4115,3
N317PG,4115,3
N77542,4115,3
N553UW,4115,3
N656JB,4115,3
N971NN,4115,3
N801DZ,4114,3
N75432,4114,3
N171US,4114,3
N899NN,4113,3
N641JB,4113,3
N166NN,4113,3
N934AA,4112,3
N423UA,4111,3
N57439,4111,3
N398DA,4110,3
N384DN,4109,3
N346NB,4109,3
N3766,4109,3
N614NN,4108,3
N930AU,4107,3
N185UW,4107,3
N994AN,4107,3
N62849,4107,3
N901AA,4106,3
N794JB,4105,3
N14188,4104,3
N202FR,4104,3
N866DN,4102,3
N603UX,4102,3
274NV,4100,3
N983AT,4099,3
N661JB,4099,3
N789JB,4098,3
N908NN,4097,3
N457AS,4097,3
N648JB,4097,3
N901DN,4096,3
N151AN,4095,3
N729JB,4095,3
N882NN,4095,3
N554JB,4095,3
N78506,4095,3
N877NN,4094,3
N827DN,4094,3
N154AA,4093,3
N343PN,4093,3
N228PS,4093,3
N535JB,4091,3
N36476,4090,3
N887NN,4090,3
N863DN,4090,3
N604UX,4090,3
N964NN,4089,3
N3756,4088,3
N307DX,4088,3
N449UA,4088,3
N290AK,4087,3
N613NN,4087,3
N764SW,4087,3
N68452,4086,3
N11535,4086,3
N621JB,4086,3
N659DL,4085,3
N571JB,4084,3
N803AW,4084,3
N394DA,4083,3
N341NB,4083,3
N674RJ,4081,3
N890NN,4081,3
N145AN,4081,3
N823DN,4080,3
N893NN,4080,3
N68817,4080,3
N38473,4080,3
N399DA,4079,3
N990AU,4078,3
N200NV,4078,3
N934NN,4076,3
N898NN,4076,3
N987AM,4076,3
N946NN,4076,3
N645JB,4075,3
N849UA,4075,3
N78540,4074,3
N68453,4074,3
N184US,4073,3
N941SW,4073,3
N892NN,4072,3
N3738B,4072,3
N224AK,4071,3
N976NN,4071,3
N928NN,4071,3
N287AK,4071,3
N843VA,4070,3
N940NN,4069,3
N775JB,4067,3
N989NN,4067,3
N843DN,4066,3
N183UW,4066,3
N658JB,4065,3
N952NN,4065,3
N306NY,4063,3
N180US,4062,3
N141NN,4061,3
N941FR,4061,3
N3767,4060,3
N639JB,4060,3
273NV,4060,3
N69813,4059,3
N45440,4059,3
N844AE,4058,3
N972NN,4057,3
N928AM,4056,3
N153AN,4055,3
N624JB,4055,3
N801UA,4055,3
N28457,4055,3
N11184,4053,3
N546UW,4052,3
N509JB,4051,3
N556JB,4051,3
N163AA,4051,3
N340NB,4051,3
N382DN,4051,3
N836VA,4051,3
N75435,4050,3
N595JB,4049,3
N66814,4049,3
N938NN,4048,3
N565JB,4048,3
N561JB,4047,3
N954NN,4046,3
N27477,4046,3
N655JB,4045,3
N643JB,4044,3
N376DA,4041,3
N847VA,4041,3
332NV,4040,3
N7706A,4040,3
N939NN,4040,3
N889NN,4039,3
N598JB,4037,3
N391DA,4035,3
N568JB,4034,3
N506NK,4034,3
N346PR,4033,3
N193UW,4033,3
N78448,4033,3
N895NN,4032,3
N201FR,4032,3
N308DN,4031,3
N81449,4029,3
N178US,4029,3
N3736C,4028,3
N932AM,4028,3
N159AN,4028,3
N880NN,4028,3
N326US,4027,3
N69835,4026,3
N925NN,4025,3
N625JB,4025,3
N937XJ,4025,3
N75425,4024,3
N77537,4023,3
N144AN,4022,3
N943LR,4022,3
N434AW,4022,3
N3749D,4021,3
N838DN,4021,3
N78438,4021,3
N36469,4020,3
N77431,4019,3
N911DQ,4019,3
N988NN,4019,3
N374CA,4018,3
N910NN,4018,3
N920NN,4017,3
N605UX,4017,3
N3752,4017,3
N191UW,4016,3
N846VA,4016,3
N75429,4016,3
N143AN,4013,3
N138AN,4013,3
N165US,4012,3
N881NN,4012,3
N15910,4012,3
N502MJ,4012,3
N894NN,4011,3
N966NN,4011,3
N994NN,4010,3
N3743H,4009,3
N421UA,4009,3
N991AU,4008,3
N354FR,4007,3
N916NN,4007,3
N912DU,4007,3
N833DN,4007,3
N842AE,4007,3
N140AN,4006,3
N806JB,4005,3
N682DA,4005,3
N918NN,4004,3
N886NN,4004,3
N306PB,4004,3
N3763D,4001,3
N309DN,4000,3
N266AK,3999,3
N3768,3999,3
N903DN,3997,3
N38454,3997,3
N136AN,3997,3
N39415,3997,3
N960NN,3996,3
N606UX,3996,3
N936NN,3995,3
N149AN,3994,3
N932NN,3993,3
N921NN,3993,3
N607UX,3993,3
N601UX,3992,3
N875NN,3992,3
N614AE,3992,3
N658DL,3992,3
N876NN,3992,3
N806HC,3992,3
N884NN,3991,3
N3739P,3990,3
N992NN,3990,3
N567UW,3989,3
N870AS,3989,3
N837VA,3988,3
N908DN,3987,3
N866AS,3987,3
N404UA,3986,3
N746JB,3986,3
N635JB,3986,3
N372DA,3986,3
N590JB,3985,3
N147AA,3985,3
N154UW,3985,3
N364VA,3984,3
N935NN,3983,3
N162AA,3982,3
N851AE,3982,3
N843AE,3982,3
N649AW,3980,3
N139AN,3980,3
N477AS,3979,3
N901NN,3979,3
N335PH,3979,3
N991NN,3978,3
N161AA,3978,3
N3744F,3978,3
N894AT,3978,3
N933AM,3977,3
N104DU,3976,3
N75428,3975,3
N589JB,3975,3
N448AS,3975,3
N659JB,3973,3
N961NN,3973,3
N73276,3973,3
N38446,3973,3
N962NN,3973,3
N909DN,3972,3
N708JB,3972,3
N37462,3972,3
N155NN,3971,3
N697DL,3971,3
N27421,3971,3
N705JB,3970,3
N352PS,3968,3
N163US,3967,3
N987NN,3967,3
N629JB,3966,3
N34455,3966,3
N840AE,3965,3
N197UW,3964,3
N895AT,3964,3
N907NN,3963,3
N38257,3963,3
N152AA,3963,3
N77538,3962,3
N905NN,3962,3
N76503,3961,3
N37465,3960,3
N891NN,3959,3
N423AS,3958,3
N373DA,3958,3
N778XF,3958,3
N948NN,3957,3
N592JB,3957,3
N913NN,3956,3
N872NN,3956,3
N825DN,3956,3
N447UA,3956,3
N408AS,3954,3
N3735D,3953,3
N37419,3953,3
N76532,3952,3
N564JB,3952,3
N900UW,3951,3
N583NW,3951,3
N150NN,3950,3
N557NW,3949,3
N695DL,3949,3
N761RR,3947,3
N75436,3947,3
N39463,3946,3
N385DZ,3946,3
N68805,3945,3
N75433,3945,3
N885NN,3944,3
N385DN,3944,3
N3755D,3943,3
N766SW,3943,3
N390DN,3943,3
N924NN,3942,3
N813AE,3942,3
N588JB,3941,3
N16709,3941,3
N914NN,3939,3
N563UW,3937,3
N323AS,3936,3
N883NN,3935,3
N77539,3933,3
N987DN,3933,3
N594JB,3933,3
N142AN,3933,3
N77535,3932,3
N916DU,3931,3
N86534,3931,3
N36472,3930,3
N596NW,3930,3
N868NN,3929,3
N930NN,3929,3
N3747D,3929,3
N608JB,3928,3
N965NN,3927,3
N630JB,3927,3
N16732,3927,3
N823AE,3927,3
N76529,3926,3
N76508,3925,3
N854VA,3925,3
N986AN,3925,3
N24715,3925,3
N837AE,3924,3
N78285,3923,3
N929LR,3922,3
N39416,3921,3
N3741S,3920,3
N904NN,3920,3
N597JB,3919,3
N158AN,3919,3
N76533,3916,3
N588NW,3915,3
N146AA,3914,3
N37277,3914,3
N804JB,3914,3
N157AA,3914,3
N807UA,3914,3
N38424,3914,3
N703SW,3913,3
N6714Q,3913,3
N996AN,3912,3
N942NN,3912,3
N900DU,3911,3
N867DN,3911,3
N670DN,3909,3
N167AN,3908,3
N395DN,3908,3
N538UW,3908,3
N922NN,3908,3
N519JB,3908,3
N706JB,3908,3
N760JB,3907,3
N871AS,3907,3
N75426,3906,3
N592NW,3906,3
N915NN,3906,3
N419UA,3905,3
N594NW,3905,3
N478PX,3904,3
N967NN,3903,3
N638JB,3903,3
N997AA,3903,3
N874NN,3902,3
N907DN,3900,3
N894DN,3899,3
N409UA,3898,3
N931AM,3898,3
N510JB,3897,3
N303SY,3897,3
N709JB,3897,3
N891DN,3896,3
N676DL,3896,3
N160AN,3896,3
N157UW,3896,3
N590NW,3896,3
N325US,3895,3
N397DA,3895,3
N387DN,3895,3
N892DN,3895,3
N570AS,3894,3
N879NN,3894,3
N559JB,3894,3
N876DN,3893,3
N79541,3893,3
N3748Y,3892,3
N162UW,3891,3
N393DN,3891,3
N3761R,3886,3
N76526,3885,3
N902NN,3885,3
N37420,3885,3
N919NN,3884,3
N612JB,3883,3
N76502,3883,3
N912NN,3882,3
N850UA,3881,3
N148AN,3881,3
N698DL,3880,3
N923NN,3880,3
N612UX,3879,3
N293AK,3879,3
226NV,3879,3
N109DU,3878,3
N809JB,3878,3
N284JN,3877,3
N415UA,3876,3
N6715C,3876,3
N556NW,3875,3
N536UW,3875,3
N479AS,3874,3
N395DZ,3874,3
N292AK,3874,3
N539UW,3873,3
N775DE,3873,3
N108DQ,3873,3
N218PS,3873,3
N6707A,3872,3
N170US,3872,3
N377DA,3872,3
N409AS,3871,3
N807JB,3871,3
N1902U,3870,3
N17719,3870,3
N319US,3869,3
N771XF,3869,3
N890DN,3869,3
N841NN,3868,3
N842VA,3868,3
N17159,3867,3
N950AT,3867,3
N909NN,3866,3
N585NW,3866,3
N27733,3866,3
N4901U,3866,3
N609UX,3866,3
N640JB,3865,3
N861NN,3865,3
N68880,3864,3
N73275,3864,3
N828JB,3862,3
N3742C,3862,3
N537UW,3862,3
N830NN,3860,3
N374DA,3859,3
N220FR,3859,3
N560UW,3859,3
N587JB,3858,3
N11206,3858,3
N591NW,3858,3
N907EV,3858,3
N935AT,3857,3
N76505,3855,3
N37290,3854,3
N593NW,3853,3
N585JB,3849,3
N37422,3848,3
N78524,3848,3
N906SW,3847,3
N77525,3843,3
N599JB,3842,3
N23721,3842,3
N608UX,3840,3
N937NN,3840,3
N665DN,3840,3
N943FR,3839,3
N36272,3839,3
N24706,3837,3
N917NN,3837,3
N24736,3836,3
N815UA,3835,3
N87507,3834,3
N156AN,3834,3
N906NN,3834,3
N723FR,3833,3
N77258,3831,3
N906NK,3831,3
N835DN,3830,3
N37273,3828,3
N687DL,3827,3
N6706Q,3827,3
N33714,3826,3
N392DN,3826,3
N433QX,3825,3
N555NW,3824,3
N15710,3824,3
N37427,3824,3
N23708,3824,3
N76254,3822,3
N77261,3821,3
N47414,3821,3
N873NN,3821,3
N14704,3820,3
N915DU,3818,3
N793JB,3818,3
N853NN,3818,3
N929NN,3818,3
N356FR,3817,3
N77536,3817,3
N16217,3816,3
N37255,3816,3
N73283,3814,3
N302AS,3814,3
N54711,3814,3
N866NN,3813,3
N3745B,3813,3
N8710M,3813,3
N76269,3813,3
N879DN,3811,3
N593AS,3811,3
N897NN,3810,3
N857NN,3810,3
N878DN,3810,3
N862NN,3810,3
N688DL,3809,3
N870NN,3808,3
N3758Y,3808,3
N981NN,3806,3
N17229,3806,3
N582NW,3805,3
N17245,3804,3
N78509,3803,3
N569JB,3803,3
N918DU,3803,3
N27734,3803,3
N87512,3802,3
N33266,3802,3
N392DA,3802,3
N77510,3799,3
N841AE,3799,3
N14180,3796,3
N895DN,3796,3
N39475,3795,3
N12216,3795,3
N443UA,3795,3
N584NW,3795,3
N11155,3794,3
N33203,3793,3
N38417,3793,3
N36207,3792,3
N842NN,3792,3
N190UW,3789,3
N87527,3789,3
N618JB,3789,3
N286NN,3788,3
N13720,3787,3
335NV,3786,3
N903NN,3785,3
N33289,3784,3
N14735,3784,3
N869NN,3784,3
N156UW,3782,3
N3760C,3782,3
N570JB,3779,3
N14237,3779,3
N943NN,3779,3
N14240,3779,3
N27213,3778,3
N521UW,3777,3
N848AE,3776,3
N76519,3776,3
N76522,3774,3
N304SY,3774,3
N26232,3774,3
N529JB,3773,3
N537AS,3773,3
N77520,3772,3
N524JB,3771,3
N636JB,3771,3
N12126,3771,3
N920DU,3770,3
N605JB,3769,3
N694DL,3768,3
N589NW,3767,3
N893DN,3767,3
N13718,3766,3
N665JB,3765,3
N822DN,3764,3
N595NW,3764,3
242NV,3764,3
N660DL,3761,3
N231JQ,3761,3
N33284,3759,3
N821NN,3759,3
N803UA,3759,3
N394DX,3757,3
N78511,3757,3
N553AS,3756,3
N538AS,3756,3
N12238,3756,3
N76514,3755,3
N615NN,3754,3
N517JB,3753,3
N649JB,3753,3
N24729,3753,3
N116DU,3752,3
N939FR,3752,3
N16703,3748,3
N12122,3748,3
N17730,3746,3
N155UW,3746,3
N69826,3745,3
N110DU,3744,3
N296AK,3744,3
N14249,3742,3
N586NW,3741,3
N6710E,3739,3
N11164,3739,3
N923DZ,3738,3
N859NN,3738,3
N871NN,3738,3
N87531,3738,3
N76288,3738,3
N189UW,3737,3
N287NN,3737,3
N844NN,3736,3
N14731,3736,3
N913DU,3735,3
N525AS,3735,3
N523AS,3735,3
N3746H,3733,3
N27722,3733,3
N16234,3731,3
N536AS,3729,3
N829DN,3729,3
N169UW,3729,3
N584AS,3728,3
N378DN,3727,3
N76528,3727,3
N16987,3727,3
N34222,3727,3
N12218,3727,3
N819NN,3726,3
N524AS,3726,3
N850NN,3726,3
N805JB,3725,3
N177XF,3724,3
N7705A,3721,3
N985AT,3720,3
N585AS,3719,3
N41104,3719,3
N396DN,3718,3
N37253,3718,3
N17244,3717,3
N8709Q,3717,3
N854NN,3716,3
N26208,3715,3
N388DN,3715,3
N11107,3714,3
N821AE,3714,3
N8707P,3714,3
N187GJ,3714,3
N674DL,3713,3
N838UA,3712,3
N774XF,3711,3
N838NN,3710,3
N239JQ,3710,3
N27205,3709,3
N118DU,3708,3
N14250,3707,3
N676CA,3707,3
N534AS,3707,3
N39418,3704,3
323NV,3702,3
N388DA,3701,3
N593JB,3700,3
N18120,3698,3
N848NN,3698,3
N134AN,3697,3
N825NN,3696,3
N827JB,3694,3
N6712B,3693,3
N881DN,3693,3
N987AN,3693,3
N740SW,3693,3
N547JB,3692,3
N826NN,3692,3
N479PX,3690,3
N130AN,3689,3
N17752,3689,3
N849NN,3688,3
N933LR,3686,3
N503JB,3686,3
N917DU,3686,3
N112DU,3686,3
N15983,3685,3
N35260,3684,3
N824DN,3684,3
N35204,3682,3
N590AS,3682,3
N27239,3681,3
N288NN,3680,3
243NV,3679,3
N684DA,3679,3
N877AS,3678,3
N14116,3677,3
N69838,3675,3
N814NN,3674,3
N24224,3674,3
N14242,3674,3
N809NN,3674,3
N560AS,3674,3
N294AK,3673,3
N14214,3673,3
N441UA,3673,3
N812AE,3671,3
N73256,3671,3
N811NN,3670,3
N690DL,3670,3
N14228,3670,3
N78501,3668,3
N66825,3668,3
N603JB,3667,3
N919DU,3667,3
N991AN,3666,3
N37252,3666,3
N581NW,3665,3
N565AS,3664,3
N551AS,3663,3
N37274,3663,3
N371DA,3663,3
N563JB,3662,3
N33286,3662,3
N73251,3662,3
N540EA,3662,3
N8713M,3661,3
N133AN,3661,3
N362NW,3660,3
N526AS,3660,3
N564AS,3658,3
N827NN,3657,3
N297AK,3656,3
N325NB,3656,3
N851NN,3655,3
N826DN,3655,3
N860NN,3654,3
N817AE,3654,3
N33209,3653,3
N812NN,3653,3
N663JB,3653,3
N808AE,3653,3
N26215,3649,3
N132AN,3648,3
N973AN,3648,3
N11127,3648,3
N805NN,3648,3
N548AS,3648,3
N914DU,3647,3
N17753,3647,3
N6709,3646,3
N14230,3645,3
N8712L,3645,3
N703JB,3645,3
N847NN,3645,3
N382DA,3644,3
N800NN,3643,3
N76265,3643,3
N16559,3642,3
N358FR,3641,3
N380DA,3641,3
N979AN,3640,3
N13227,3640,3
N824NN,3639,3
N865NN,3638,3
N518AS,3637,3
N127AA,3636,3
N25705,3635,3
N516AS,3634,3
N6711M,3634,3
N924DZ,3634,3
N386DN,3633,3
N696DL,3633,3
N855NN,3633,3
N566JB,3633,3
N610UX,3633,3
N135NN,3632,3
N8708Q,3630,3
N520AS,3629,3
N39728,3628,3
N480PX,3628,3
N8716B,3628,3
N67171,3628,3
N13248,3627,3
N69829,3627,3
N11547,3627,3
N14231,3627,3
N675DL,3626,3
N937AT,3626,3
N192UW,3624,3
N556AS,3623,3
N613UX,3623,3
N949AN,3621,3
N383DN,3621,3
N12221,3621,3
N8714Q,3621,3
N436UA,3619,3
N834JB,3619,3
N820NN,3618,3
N591JB,3618,3
N35271,3615,3
N852NN,3613,3
N298AK,3613,3
N822NN,3612,3
N562AS,3611,3
N8711Q,3611,3
N810NN,3610,3
N16701,3610,3
N8715Q,3609,3
N944AN,3609,3
N36247,3609,3
N925DZ,3606,3
N332NB,3606,3
N21130,3605,3
N115DU,3604,3
N397DN,3604,3
N68836,3600,3
N17233,3600,3
N24211,3600,3
N68834,3600,3
N18114,3600,3
N880DN,3599,3
N79521,3598,3
N357NW,3597,3
N803NN,3597,3
N519AS,3597,3
N26226,3597,3
N888DU,3595,3
N858NN,3594,3
N933XJ,3592,3
N982AN,3592,3
N8704Q,3591,3
N34111,3590,3
N910FR,3590,3
N978JB,3590,3
N33264,3589,3
N11119,3589,3
N693DL,3588,3
N76504,3586,3
N11121,3586,3
N552AS,3586,3
N73270,3586,3
N38268,3585,3
N856NN,3585,3
N8706W,3585,3
N37287,3584,3
N34460,3584,3
N8705Q,3583,3
N846NN,3582,3
N540EG,3582,3
N863NN,3582,3
N6708D,3582,3
N831DN,3581,3
N16170,3580,3
N611UX,3580,3
N837UA,3579,3
N927DZ,3576,3
N549AS,3576,3
N362FR,3576,3
N24702,3576,3
N318AS,3575,3
N479UA,3575,3
N37263,3573,3
N486UA,3567,3
N3753,3566,3
N482PX,3566,3
N17984,3566,3
N807NN,3566,3
N922DZ,3564,3
N103DU,3563,3
N13716,3563,3
N887DN,3562,3
N77518,3562,3
N359FR,3561,3
N990AN,3561,3
N18102,3561,3
N24103,3561,3
N378DA,3561,3
N131NN,3559,3
N882AS,3558,3
321NV,3557,3
N26210,3556,3
N986JB,3556,3
N76523,3556,3
N884DN,3556,3
N660CL,3555,3
N883DN,3554,3
N78866,3554,3
N16112,3554,3
N832NN,3554,3
N579AS,3553,3
N235JQ,3553,3
N813NN,3551,3
N33262,3551,3
N818NN,3550,3
N506AS,3549,3
N37468,3549,3
N76517,3549,3
N628AE,3549,3
N806NN,3548,3
N980AN,3547,3
N69839,3545,3
N557AS,3544,3
N532AS,3543,3
N835NN,3543,3
N54241,3542,3
N965AN,3542,3
N877DN,3541,3
N566AS,3541,3
N976AN,3541,3
N121DU,3539,3
N708SW,3538,3
N921VA,3537,3
N692DL,3536,3
N803AE,3536,3
N233JQ,3535,3
N983AN,3534,3
N14117,3533,3
N984JB,3531,3
N867NN,3531,3
N667DN,3530,3
N119DU,3529,3
N837NN,3528,3
N17196,3527,3
N968AN,3527,3
N76515,3527,3
N75854,3524,3
N35236,3524,3
N947AN,3523,3
N23707,3521,3
N533AS,3520,3
N982JB,3520,3
N495UA,3519,3
N8923A,3518,3
N939AN,3516,3
N821JB,3516,3
N907AE,3515,3
N504GJ,3515,3
N563AS,3515,3
N671DN,3514,3
N76516,3514,3
302NV,3514,3
N868CA,3512,3
N18243,3511,3
N126AN,3510,3
N69833,3509,3
N546AS,3508,3
N12563,3506,3
N24202,3506,3
N27724,3506,3
N535AS,3505,3
N586AS,3505,3
N662JB,3505,3
N816AE,3501,3
N940AN,3500,3
N289MW,3500,3
N569AS,3500,3
N925VA,3500,3
N596AS,3499,3
N830DN,3499,3
N756SA,3497,3
N12754,3497,3
N117DU,3497,3
N527AS,3497,3
N922VA,3496,3
N823NN,3495,3
N241JQ,3492,3
N107DU,3492,3
N945AN,3490,3
N128AN,3488,3
N630VA,3486,3
N37413,3485,3
N387DA,3484,3
N924VA,3484,3
N829NN,3484,3
N946AN,3483,3
N912DE,3483,3
N659BR,3482,3
N989AN,3482,3
N773XF,3482,3
N943AN,3482,3
N875RW,3480,3
N615UX,3479,3
N426SW,3479,3
N153GJ,3479,3
N981AN,3477,3
N305AS,3477,3
N77530,3477,3
N673DL,3476,3
N77865,3476,3
N900DE,3475,3
N802NN,3475,3
N816NN,3474,3
N822DX,3474,3
N679DA,3474,3
N923VA,3474,3
N501GJ,3474,3
N577AS,3474,3
N903DE,3473,3
N18101,3470,3
N331NB,3469,3
N547GJ,3469,3
N685DA,3468,3
N948AN,3468,3
N14235,3464,3
N508AS,3463,3
N173GJ,3463,3
N926DZ,3463,3
N908DE,3462,3
N513AS,3461,3
N12135,3460,3
N18220,3459,3
N821MD,3457,3
N123NN,3457,3
N39450,3456,3
N12225,3456,3
N516JB,3456,3
N916DL,3456,3
N218JQ,3455,3
N220PS,3455,3
N597AS,3455,3
N975AN,3455,3
N514AS,3454,3
N8982A,3454,3
N942AN,3454,3
N517AS,3453,3
N889DN,3453,3
N214AK,3452,3
N558AS,3452,3
N37267,3450,3
N828DN,3449,3
N417QX,3449,3
N686DA,3449,3
N987SW,3449,3
N554NW,3448,3
N840NN,3448,3
N839NN,3448,3
N102DU,3448,3
N629VA,3447,3
N804NN,3447,3
N381DN,3447,3
N57864,3445,3
N158GJ,3445,3
N379DA,3445,3
N7703A,3444,3
N361FR,3444,3
N864NN,3443,3
N120DU,3443,3
N995DL,3442,3
N129AA,3442,3
N360FR,3440,3
N616UX,3440,3
N236JQ,3439,3
245NV,3439,3
N15751,3438,3
N358NB,3437,3
N819DX,3437,3
N834NN,3435,3
N29906,3435,3
N831NN,3434,3
320NV,3434,3
N438UA,3434,3
N966DL,3433,3
N839HK,3433,3
N307AS,3432,3
N614UX,3432,3
N928DU,3429,3
N13903,3429,3
N912DL,3429,3
N906DE,3429,3
N13750,3428,3
N992AN,3426,3
N87513,3423,3
N924AN,3419,3
N592AS,3419,3
N124AA,3418,3
N197PQ,3418,3
N11544,3418,3
N804AE,3416,3
N638VA,3416,3
N353FR,3416,3
N935SW,3415,3
N938AN,3415,3
244NV,3414,3
N675BR,3413,3
N974AN,3413,3
N907AN,3411,3
N17560,3410,3
N910DE,3409,3
N543GJ,3409,3
N384DA,3407,3
N125AA,3407,3
N559AS,3407,3
N821DX,3407,3
N833NN,3405,3
N13913,3403,3
N15912,3403,3
N956AN,3403,3
N240JQ,3402,3
N699DL,3401,3
N804UA,3400,3
N121AN,3398,3
N361NB,3397,3
N923AN,3397,3
N968DL,3397,3
N484UA,3396,3
N439UA,3396,3
N106DU,3395,3
N6704Z,3393,3
N237PS,3393,3
N801NN,3391,3
N970AN,3390,3
N971AN,3388,3
N817NN,3387,3
N291NN,3387,3
N843NN,3386,3
N933AT,3386,3
N57857,3385,3
N938FR,3384,3
N672DL,3384,3
N492UA,3380,3
N8828D,3379,3
N882RW,3379,3
N290NN,3377,3
N913JB,3377,3
N215AK,3376,3
N118NN,3376,3
N808NN,3375,3
N698NK,3374,3
N970DL,3374,3
N810AE,3372,3
N12900,3368,3
N122NN,3364,3
N105DU,3364,3
N364NB,3363,3
N317US,3362,3
N617UX,3360,3
N455UA,3359,3
N587AS,3358,3
N966AN,3357,3
N976DL,3357,3
N363FR,3357,3
N971DL,3357,3
322NV,3356,3
N843UA,3355,3
N6716C,3355,3
314NV,3354,3
N619UX,3351,3
N74856,3350,3
N250PS,3349,3
N14562,3348,3
N16561,3348,3
N929DZ,3347,3
N963AT,3347,3
N13992,3346,3
N14219,3343,3
N7714B,3343,3
N75851,3342,3
N635VA,3340,3
N57852,3339,3
N845NN,3338,3
N967AN,3337,3
N885DN,3335,3
N27246,3335,3
N523JB,3335,3
N437UA,3334,3
N542US,3333,3
N386DA,3330,3
N77871,3324,3
N498UA,3322,3
N57855,3322,3
N391DN,3321,3
N242JQ,3321,3
N481UA,3321,3
N901DE,3321,3
N911DE,3321,3
N209PS,3318,3
N14993,3317,3
N759GS,3317,3
N126DU,3317,3
N398DN,3315,3
N947JB,3313,3
N913DL,3312,3
279NV,3310,3
N119NN,3310,3
N668DN,3309,3
N435UA,3309,3
N902DE,3304,3
N123DQ,3303,3
N968AT,3303,3
N502GJ,3302,3
N24212,3301,3
N423SW,3301,3
N815NN,3300,3
N970JB,3300,3
N120EE,3299,3
N11192,3299,3
N836NN,3298,3
N254PS,3297,3
N365FR,3295,3
N17185,3294,3
N512AS,3293,3
N16571,3293,3
N618UX,3293,3
N93003,3290,3
N9006,3290,3
N589AS,3289,3
N3737C,3288,3
N528AS,3287,3
N716EV,3287,3
N539GJ,3286,3
N253PS,3285,3
N541US,3285,3
N964AN,3284,3
N972AN,3282,3
N15572,3281,3
N13978,3281,3
N801AE,3278,3
N926VA,3278,3
N546GJ,3278,3
N75853,3276,3
N538GJ,3274,3
N927VA,3273,3
N776XF,3272,3
N974DL,3270,3
N594AS,3268,3
N9013A,3268,3
N958DL,3268,3
N260JS,3266,3
N13123,3265,3
N620UX,3264,3
N4032T,3262,3
N547US,3258,3
N57870,3255,3
N823DX,3255,3
N998DL,3254,3
N957AN,3253,3
N455CA,3253,3
N217JQ,3251,3
N12167,3250,3
N996DL,3250,3
N11548,3248,3
N922AN,3247,3
315NV,3247,3
N997DL,3246,3
N90024,3245,3
N75861,3244,3
N529AS,3243,3
N396DA,3243,3
N230JQ,3243,3
N905DE,3241,3
N963AN,3239,3
N219YX,3239,3
N621UX,3238,3
N820DX,3238,3
N917DL,3238,3
N979EV,3236,3
N364FR,3234,3
N8717M,3234,3
N957JB,3232,3
N174GJ,3232,3
N127DU,3231,3
N959JB,3230,3
N960AN,3230,3
N292NN,3228,3
N334NB,3228,3
N907JB,3227,3
N967DL,3226,3
N15986,3226,3
N909DE,3225,3
N418SW,3224,3
N75858,3223,3
N999DN,3223,3
N26545,3221,3
N978DL,3220,3
N900PC,3220,3
N549GJ,3220,3
N285NN,3220,3
N244PS,3219,3
N12564,3217,3
N935JB,3217,3
N669DN,3216,3
N955AN,3216,3
N247JS,3215,3
N905DL,3215,3
N587NW,3215,3
N125DU,3212,3
N882DN,3209,3
N151GJ,3207,3
N930DZ,3205,3
N18556,3204,3
N536GJ,3203,3
N928VA,3203,3
N165GJ,3202,3
N9010R,3202,3
N937JB,3200,3
N922AT,3200,3
N960DL,3199,3
N9012,3199,3
N535US,3199,3
N3733Z,3199,3
N907BP,3199,3
N18557,3198,3
N166GJ,3197,3
N407QX,3197,3
N961AN,3195,3
N540US,3195,3
N929JB,3194,3
N738EV,3193,3
N904DE,3192,3
N800AE,3192,3
N11539,3192,3
N972DL,3191,3
N389DA,3191,3
N506GJ,3191,3
N541GJ,3190,3
N12569,3190,3
N257PS,3188,3
N969AN,3185,3
N581AS,3183,3
N226JS,3182,3
N124DU,3181,3
N902EV,3180,3
N8031M,3179,3
N923JB,3178,3
N16981,3177,3
N506JB,3176,3
N530AS,3176,3
N3014R,3174,3
N7701B,3174,3
N994DL,3173,3
N992JB,3172,3
N539US,3169,3
N636VA,3166,3
N9004F,3165,3
N15574,3162,3
N548US,3160,3
N962AN,3160,3
N14907,3158,3
275NV,3157,3
N921DU,3156,3
N963DL,3153,3
N8718Q,3152,3
N9011P,3147,3
N533GJ,3147,3
N8884E,3146,3
N965DL,3145,3
N584JB,3144,3
N4005X,3144,3
N979DL,3143,3
N880RW,3141,3
N475UA,3140,3
227NV,3139,3
N531AS,3138,3
N102DN,3138,3
N588AS,3138,3
N864AS,3138,3
N13553,3136,3
N855AE,3135,3
N8009T,3135,3
N853AE,3135,3
N16976,3134,3
N836AE,3134,3
N70020,3134,3
N14904,3132,3
N603AT,3131,3
N616CZ,3131,3
N531GJ,3128,3
N433UA,3128,3
N244JQ,3127,3
N833AE,3125,3
N9019F,3125,3
N697NK,3123,3
N545GJ,3123,3
N9015D,3123,3
N14977,3122,3
N954JB,3122,3
N8030F,3121,3
N948JB,3120,3
N537US,3119,3
N918NK,3118,3
N243LR,3117,3
N9018E,3115,3
N113DQ,3114,3
N907DE,3114,3
N213PS,3112,3
N806AE,3112,3
N916NK,3112,3
N838AE,3112,3
N12028,3111,3
N849AE,3110,3
N230PS,3108,3
N568AS,3107,3
N601DW,3106,3
N504JB,3105,3
N629BR,3104,3
N9029F,3103,3
N964DL,3101,3
N818AE,3101,3
N543US,3100,3
N990DL,3099,3
N521JB,3099,3
N9026C,3099,3
N969DL,3098,3
N624UX,3097,3
N215PS,3097,3
N988DN,3097,3
N234JQ,3096,3
N630CZ,3096,3
N845AE,3095,3
N886DN,3092,3
N73291,3092,3
N536US,3091,3
N101DQ,3091,3
N918DE,3091,3
N824AE,3086,3
N9025B,3083,3
N642VA,3083,3
N536JB,3083,3
N955JB,3081,3
N806UA,3079,3
N846AE,3079,3
N18223,3078,3
N114DU,3077,3
N827AE,3076,3
N921NK,3076,3
N876UA,3074,3
N903JB,3074,3
N9023N,3073,3
225NV,3071,3
N826AE,3071,3
N232JQ,3068,3
N830AE,3068,3
N920DE,3068,3
N8027D,3066,3
N841UA,3066,3
N840UA,3065,3
N262PS,3064,3
N56859,3063,3
N15555,3062,3
N22909,3059,3
N952JB,3058,3
N920AT,3057,3
N549US,3057,3
N925AN,3057,3
N959AN,3055,3
N972AT,3054,3
N77867,3053,3
N906AT,3052,3
N13988,3051,3
N961AT,3050,3
N57863,3049,3
N57862,3048,3
282NV,3044,3
N324NB,3042,3
N639VA,3036,3
N550NW,3034,3
N958UW,3034,3
N957AT,3033,3
N958JB,3032,3
N491UA,3031,3
N155GJ,3031,3
N3764D,3030,3
N967AT,3030,3
N815AE,3029,3
N915AT,3029,3
N9002U,3029,3
N623UX,3028,3
N329NW,3027,3
N11551,3023,3
N10575,3014,3
N9022G,3012,3
N934XJ,3012,3
N366FR,3010,3
N9008U,3009,3
N19554,3008,3
N16546,3006,3
N910AT,3006,3
N261PS,3006,3
N13538,3006,3
N245PS,3004,3
N12540,3003,3
N13975,3002,3
N899AT,2999,3
N5007E,2998,3
N805AE,2998,3
N11536,2998,3
N478UA,2998,3
N476UA,2997,3
N992AT,2996,3
N15980,2996,3
N834AE,2995,3
N32404,2993,3
N583AS,2993,3
N855UA,2992,3
N9017P,2992,3
N37434,2991,3
N442UA,2990,3
N8001N,2990,3
N919NK,2990,3
N8701Q,2989,3
N13908,2988,3
N171GJ,2987,3
N965UW,2986,3
N227JQ,2985,3
N915DE,2981,3
N917NK,2981,3
N637VA,2980,3
N9021H,2980,3
280NV,2979,3
N905JB,2979,3
N48901,2979,3
N625UX,2977,3
N57868,2976,3
N243JQ,2975,3
N554GJ,2975,3
N170GJ,2975,3
N934JB,2975,3
N175GJ,2974,3
N538US,2973,3
N967UW,2973,3
N248PS,2972,3
N622UX,2971,3
N959AT,2970,3
N14902,2968,3
N33294,2965,3
N520JB,2965,3
N546US,2965,3
N9016,2964,3
N657JB,2964,3
N13979,2964,3
N627CZ,2964,3
N913DN,2963,3
N615CZ,2958,3
N553GJ,2954,3
N973DL,2953,3
N38727,2951,3
N631CZ,2951,3
N14568,2949,3
N608CZ,2948,3
N958AT,2948,3
N809AE,2946,3
N958AN,2943,3
N355CA,2940,3
N14570,2939,3
N957UW,2935,3
N511GJ,2934,3
N551GJ,2933,3
N540GJ,2929,3
N960AT,2926,3
N660BC,2926,3
N993DL,2925,3
N485PX,2922,3
N542GJ,2920,3
N14558,2920,3
N160GJ,2920,3
N920NK,2919,3
N111NG,2918,3
N408QX,2915,3
N956AT,2915,3
N690CA,2912,3
N6702,2911,3
N14542,2911,3
N6713Y,2907,3
N619CZ,2907,3
N805UA,2907,3
N926LR,2904,3
N223FR,2904,3
N653CA,2901,3
N77296,2901,3
N942JB,2899,3
N508GJ,2897,3
N945UW,2895,3
N991DL,2890,3
N923NK,2884,3
N877UA,2880,3
N13989,2876,3
N72405,2876,3
N245JQ,2872,3
N33292,2869,3
N508JL,2864,3
N246JQ,2863,3
N152GJ,2862,3
N21537,2861,3
N606CZ,2861,3
N959UW,2861,3
N327NB,2859,3
N6705Y,2855,3
N367FR,2855,3
N490PX,2855,3
N122DU,2854,3
N946UW,2854,3
N73406,2852,3
N947UW,2851,3
N544US,2849,3
N14991,2848,3
N622CZ,2845,3
N15712,2844,3
N820AE,2842,3
N521GJ,2841,3
N678DL,2841,3
N552NW,2838,3
N29917,2835,3
N717EV,2832,3
N14573,2832,3
N925DN,2828,3
N926DH,2826,3
N835AE,2825,3
N856AE,2825,3
N370FR,2825,3
336NV,2825,3
N505JB,2823,3
N720EV,2821,3
N535GJ,2820,3
N617CZ,2820,3
N75410,2819,3
N379CA,2816,3
N924NK,2816,3
N256PS,2814,3
N526JL,2813,3
N491PX,2813,3
N8719Q,2810,3
N842UA,2810,3
N305SY,2807,3
N306SY,2805,3
N878UA,2801,3
N621CZ,2799,3
N477UA,2799,3
N923DN,2798,3
N916DN,2796,3
N507JT,2796,3
N961UW,2796,3
N623CZ,2791,3
N955UW,2791,3
N922NK,2788,3
N434UA,2788,3
N925NK,2784,3
N944UW,2780,3
N807AE,2775,3
N948UW,2773,3
N156GJ,2772,3
N531JL,2772,3
N840SK,2771,3
N871UA,2768,3
N527JL,2767,3
N206PS,2762,3
N519GJ,2760,3
N681DA,2759,3
304NV,2758,3
N258PS,2758,3
N926NK,2754,3
N922DX,2752,3
N963UW,2750,3
N21723,2749,3
N612CZ,2747,3
N963DN,2746,3
N172GJ,2746,3
N105DX,2740,3
N956UW,2740,3
236NV,2740,3
N185GJ,2739,3
N912DN,2739,3
N987DL,2737,3
N308SY,2737,3
N400AN,2736,3
N553NW,2736,3
N169GJ,2735,3
N474UA,2734,3
N328NB,2732,3
N130DU,2731,3
N202HA,2728,3
N524GJ,2727,3
N918DH,2727,3
N307SY,2725,3
N921DN,2725,3
N14916,2721,3
N131DU,2721,3
N249PS,2720,3
N544GJ,2719,3
N8720L,2718,3
N25134,2717,3
N101DU,2716,3
N931DN,2715,3
N522GJ,2714,3
N917DN,2714,3
N919DN,2711,3
N819AE,2711,3
N935DN,2711,3
N545US,2709,3
N503GJ,2709,3
N659CA,2706,3
N298FR,2705,3
N605CZ,2705,3
N30401,2699,3
N103DY,2699,3
N722TW,2692,3
N537JT,2690,3
N962DN,2690,3
N907DL,2690,3
N113AN,2689,3
N986DL,2687,3
N106DN,2687,3
N911DA,2685,3
N949UW,2683,3
N202PS,2682,3
N371FR,2681,3
N487UA,2681,3
N401AN,2677,3
N73259,2676,3
N129DU,2675,3
N775XF,2673,3
N496UA,2671,3
N934DN,2670,3
N927NK,2667,3
N920DN,2666,3
N314NB,2663,3
N186GJ,2663,3
N13138,2657,3
N624CZ,2655,3
N929NK,2654,3
N220JQ,2653,3
N914DN,2652,3
N710TW,2649,3
N950UW,2648,3
N915DN,2648,3
N31412,2648,3
N719EV,2646,3
N625CZ,2645,3
N624VA,2644,3
N168GJ,2644,3
N14905,2642,3
N104DN,2641,3
N73860,2641,3
228NV,2640,3
N13118,2638,3
N480UA,2634,3
N960DN,2632,3
N727TW,2631,3
N850AE,2629,3
N8722L,2627,3
N961DL,2626,3
N857AS,2625,3
N629CZ,2625,3
N521VA,2624,3
N723TW,2624,3
N928DN,2619,3
N962DL,2619,3
N13110,2617,3
N14115,2608,3
N983JT,2607,3
N879UA,2604,3
N368FR,2597,3
N916DE,2596,3
N927DN,2592,3
N707TW,2592,3
N979JT,2589,3
N8721J,2588,3
N432UA,2586,3
N609CZ,2585,3
N953UW,2584,3
N689DL,2583,3
281NV,2581,3
N977JE,2580,3
N209HA,2578,3
N299JJ,2577,3
N989JT,2575,3
N526VA,2572,3
303NV,2569,3
N109NN,2568,3
N908DL,2568,3
N204HA,2566,3
N38403,2561,3
N27503,2559,3
N980JT,2557,3
N369FR,2556,3
N669CA,2554,3
N910DN,2554,3
N215HA,2552,3
N286VA,2551,3
N522VA,2550,3
N365VA,2550,3
N976JT,2549,3
N705TW,2549,3
N8726H,2546,3
239NV,2544,3
277NV,2543,3
N8727M,2542,3
N369CA,2540,3
N525VA,2539,3
N952UW,2539,3
N14106,2538,3
N164GJ,2537,3
N301NB,2536,3
N25201,2536,3
N17139,2536,3
N212HA,2534,3
N431QX,2530,3
N924DN,2528,3
N985JT,2527,3
N37502,2527,3
N528VA,2525,3
N404AN,2525,3
N836HK,2524,3
N35407,2522,3
N997JL,2521,3
N931NK,2518,3
N284VA,2518,3
N67501,2517,3
N104NN,2516,3
N108NN,2516,3
N974JT,2515,3
N105NN,2515,3
N968JT,2515,3
N717TW,2512,3
N969JT,2511,3
N881UA,2511,3
N107DN,2509,3
N293NN,2508,3
237NV,2508,3
N620CZ,2508,3
N102NN,2506,3
N221JQ,2506,3
N621VA,2506,3
N362VA,2504,3
N718EV,2503,3
N8702L,2502,3
N300LK,2500,3
N363VA,2497,3
N323US,2495,3
N957DL,2495,3
N994JL,2494,3
N106NN,2493,3
N530VA,2491,3
N8724J,2490,3
N846HK,2490,3
N842HK,2488,3
N961JT,2488,3
N12109,2487,3
N989DL,2486,3
N223JQ,2485,3
N402AN,2484,3
N222JQ,2482,3
N372FR,2481,3
N975DL,2478,3
N975JT,2478,3
N101NN,2477,3
N929VA,2475,3
N928NK,2474,3
N988JT,2473,3
N627VA,2472,3
N993JE,2472,3
N713EV,2471,3
N987JT,2470,3
N523VA,2469,3
N992DL,2469,3
N702TW,2467,3
N37298,2467,3
N12166,2465,3
N991JT,2463,3
N638CZ,2462,3
N950JT,2462,3
N706TW,2460,3
N116AN,2460,3
N283VA,2458,3
N721TW,2457,3
N639CZ,2456,3
N990JL,2456,3
N951UW,2456,3
N205HA,2452,3
N282VA,2452,3
N37408,2451,3
N302NB,2448,3
N378CA,2447,3
N214HA,2447,3
N403AN,2446,3
N967JT,2443,3
N954UW,2442,3
N981JT,2440,3
N327NW,2433,3
N936AN,2429,3
N117AN,2429,3
N281VA,2428,3
N112AN,2426,3
N37506,2424,3
N945JT,2422,3
N973JT,2421,3
N946JL,2420,3
N225JQ,2419,3
N302RN,2416,3
N47505,2415,3
N964JT,2415,3
N167GJ,2414,3
N224JQ,2411,3
N704X,2411,3
N959DL,2408,3
N922DL,2405,3
N628CZ,2402,3
N17105,2402,3
N524VA,2401,3
N910DL,2401,3
N14105,2400,3
338NV,2400,3
N649AE,2398,3
N622VA,2397,3
N16911,2396,3
N712TW,2394,3
N626VA,2394,3
N285VA,2393,3
283NV,2393,3
N529VA,2393,3
N37504,2393,3
N632VA,2389,3
N999JQ,2386,3
N930NK,2385,3
N406AN,2384,3
N642CA,2384,3
N534GJ,2382,3
N932NK,2379,3
N14107,2372,3
N448YX,2367,3
N110AN,2366,3
N640VA,2363,3
N115NN,2362,3
N111ZM,2361,3
N213HA,2360,3
N635CZ,2358,3
N527VA,2357,3
N995JL,2355,3
N103NN,2354,3
N933NK,2350,3
N217HA,2350,3
N226JQ,2345,3
N523GJ,2343,3
N8725L,2342,3
N48127,2341,3
N107NN,2341,3
N12114,2340,3
N875UA,2330,3
N943JT,2329,3
N996JL,2328,3
N242JS,2327,3
N952AA,2325,3
N450YX,2321,3
N449YX,2320,3
N251PS,2320,3
N862AS,2316,3
N405AN,2315,3
N703TW,2314,3
N637CZ,2311,3
N602CZ,2310,3
N161GJ,2306,3
N110DX,2306,3
N41135,2303,3
N972JT,2301,3
N324US,2301,3
N934AN,2299,3
N162GJ,2298,3
N944JT,2296,3
N935NK,2294,3
N111DC,2287,3
N998JE,2286,3
N376FR,2285,3
N8723Q,2283,3
N17115,2280,3
N956DL,2278,3
N633VA,2274,3
N375FR,2274,3
N452YX,2268,3
N216HA,2267,3
N17108,2267,3
N34110,2266,3
N955DL,2265,3
N39297,2265,3
N330NW,2264,3
N984DL,2262,3
N906DL,2260,3
N930AN,2259,3
N229PS,2256,3
N937AN,2256,3
N953DL,2256,3
N634CZ,2255,3
238NV,2255,3
N8730Q,2246,3
N628VA,2246,3
N8732S,2243,3
N988DL,2242,3
N935AN,2239,3
N8728Q,2237,3
N520GJ,2234,3
N625VA,2232,3
N19136,2230,3
N37293,2230,3
N8731J,2228,3
N8817L,2226,3
N962JT,2222,3
N17133,2221,3
N8814K,2220,3
N451YX,2217,3
N930VA,2217,3
N11109,2217,3
N927AN,2215,3
N552GJ,2215,3
N362NB,2213,3
N71411,2212,3
N623VA,2210,3
N928AN,2209,3
N302DU,2208,3
N909DA,2208,3
N407AN,2206,3
N636CZ,2205,3
N641VA,2201,3
N8805L,2200,3
N17122,2198,3
N12125,2198,3
N932AN,2198,3
N537GJ,2193,3
N707EV,2193,3
N163GJ,2192,3
N8803L,2191,3
N237JQ,2189,3
N8812Q,2187,3
N633CZ,2184,3
N954AN,2181,3
N950AN,2181,3
N328NW,2180,3
N117DX,2178,3
N934NK,2178,3
N159GJ,2171,3
N971JT,2170,3
N229JQ,2169,3
N302DQ,2168,3
N132DU,2168,3
N936DN,2167,3
N133DU,2166,3
N965JT,2164,3
N8804L,2162,3
N949DL,2161,3
N154GJ,2161,3
N8806Q,2161,3
N626CZ,2160,3
N19130,2159,3
N8800L,2157,3
N79402,2156,3
N8807L,2156,3
N389DN,2153,3
N135DQ,2146,3
N303DU,2146,3
N8818Q,2145,3
N37409,2144,3
N921AN,2144,3
N8802Q,2143,3
N911DL,2142,3
N41140,2142,3
N8801Q,2141,3
N949JT,2139,3
N114DN,2139,3
N953AN,2136,3
N221FR,2130,3
N8816Q,2130,3
N8729H,2127,3
N8811L,2126,3
N8808Q,2124,3
N8810L,2123,3
N322US,2117,3
N978AN,2117,3
N17104,2117,3
N941AN,2114,3
N431UA,2113,3
N157GJ,2112,3
N904DL,2112,3
N8813Q,2112,3
N304DU,2111,3
N806MD,2111,3
N929DN,2111,3
N951AA,2110,3
N929AN,2110,3
N8809L,2109,3
N8815L,2104,3
N845HK,2102,3
N58101,2098,3
N14102,2097,3
N966JT,2094,3
N238JQ,2093,3
N19117,2093,3
N128DU,2089,3
N430UA,2087,3
N115DN,2087,3
N530GJ,2085,3
N306DU,2082,3
N956JT,2081,3
N826MD,2080,3
N632CZ,2078,3
N136DQ,2078,3
N308DE,2073,3
N208HA,2067,3
N37507,2061,3
N933AN,2055,3
N453YX,2054,3
N412UW,2052,3
N33103,2051,3
N228JQ,2049,3
N409AA,2049,3
294NV,2049,3
N624AG,2043,3
N918AN,2043,3
295NV,2034,3
N134DU,2032,3
N373FR,2031,3
N138DU,2030,3
N612QX,2027,3
N680DA,2019,3
N776UA,2017,3
N304DQ,2016,3
N981DL,2009,3
N843HK,2009,3
N916AN,2006,3
N410AN,2002,3
N908DA,1999,3
N985DL,1999,3
N373HA,1990,3
N307DU,1985,3
N303DQ,1984,3
N211UA,1982,3
N374HA,1980,3
N67134,1974,3
N6700,1970,3
N139DU,1969,3
N927FR,1968,3
N3762Y,1968,3
N917AN,1967,3
N377FR,1965,3
N137DU,1964,3
N634VA,1959,3
N36915,1958,3
N305DU,1949,3
N379HA,1948,3
N913DE,1946,3
N777UA,1946,3
N414AL,1946,3
N408AN,1945,3
N379FR,1942,3
N8733M,1941,3
N378FR,1940,3
N781UA,1938,3
N301DQ,1934,3
N370HA,1934,3
N909AN,1932,3
N774UA,1924,3
N396HA,1924,3
N391HA,1922,3
N34137,1919,3
N73299,1918,3
N950DN,1917,3
N920AN,1916,3
N778UA,1913,3
N428QX,1913,3
N57869,1908,3
N361HA,1906,3
N910AN,1902,3
284NV,1899,3
N773UA,1899,3
N915AN,1895,3
N141DU,1895,3
N19141,1894,3
N912AN,1892,3
N34131,1891,3
N220HA,1891,3
N215UA,1890,3
N113DX,1889,3
N122DN,1888,3
N936NK,1888,3
N374FR,1886,3
N13995,1885,3
N386HA,1885,3
N769UA,1882,3
N14171,1882,3
N415AN,1882,3
N17126,1880,3
N904AN,1879,3
N532GJ,1873,3
N919AN,1869,3
N226HA,1866,3
N8735L,1861,3
N844HK,1858,3
N411AN,1857,3
N937NK,1857,3
N903AN,1854,3
285NV,1850,3
N926AN,1849,3
N87368,1848,3
N902AN,1847,3
N913AN,1847,3
N399HA,1846,3
N930DN,1844,3
N6701,1843,3
N380FR,1840,3
N931AN,1840,3
N378HA,1837,3
N112DN,1837,3
N381FR,1835,3
N57111,1835,3
N37508,1834,3
292NV,1834,3
N210UA,1828,3
N614QX,1826,3
N8737L,1825,3
N301DU,1824,3
N140DU,1820,3
N906AN,1820,3
N241PS,1815,3
N119DN,1814,3
N27509,1814,3
N951DN,1813,3
N307DQ,1812,3
N8742M,1808,3
N8738K,1803,3
N772UA,1802,3
N360HA,1801,3
N8734Q,1800,3
N108DN,1799,3
N982DL,1797,3
N780UA,1796,3
N85369,1795,3
N8739L,1795,3
N914AN,1793,3
N116DN,1792,3
N27511,1790,3
N880UA,1786,3
N926FR,1781,3
N12116,1780,3
N392HA,1780,3
N375HA,1774,3
N874UA,1768,3
N905AN,1767,3
N947DL,1766,3
N388HA,1764,3
N983DL,1764,3
N417AN,1763,3
N8743K,1760,3
N711ZX,1760,3
N551NW,1759,3
N6703D,1758,3
N860AS,1754,3
N915DL,1750,3
N218HA,1750,3
N383HA,1746,3
N8745K,1737,3
N947DN,1736,3
N390HA,1736,3
N120DN,1734,3
N308DU,1733,3
N384HA,1731,3
N86372,1730,3
N389HA,1729,3
N382HA,1729,3
N901AN,1729,3
N906DA,1728,3
N37510,1727,3
N429QX,1722,3
N779UA,1717,3
N908AN,1717,3
N861AS,1717,3
N416AN,1713,3
287NV,1711,3
N118DY,1711,3
N13113,1711,3
N383FR,1711,3
N835HK,1708,3
N380HA,1698,3
N393HA,1697,3
N718TW,1696,3
N2002J,1695,3
N9626F,1695,3
N8750Q,1692,3
N77295,1691,3
N223HA,1686,3
N8736J,1684,3
N8740A,1684,3
N413AN,1683,3
N85370,1683,3
N961TW,1682,3
N526GJ,1674,3
N709EV,1674,3
N309DE,1668,3
N631VA,1667,3
N85373,1667,3
N213UA,1666,3
N227HA,1659,3
N47512,1659,3
N310DE,1658,3
290NV,1656,3
N884AS,1655,3
N8741L,1655,3
N306DQ,1651,3
N9615W,1651,3
N8746Q,1649,3
N27519,1646,3
N121DZ,1643,3
N980DL,1638,3
N971TW,1637,3
N385HA,1636,3
N212UA,1634,3
N984TW,1634,3
N419AN,1631,3
N9629H,1628,3
N713TW,1627,3
N37513,1624,3
N418AN,1623,3
N420AN,1623,3
N395HA,1623,3
N47517,1621,3
N309DU,1619,3
293NV,1617,3
N37527,1616,3
N980TW,1615,3
N214UA,1613,3
N37523,1611,3
N8744B,1609,3
N47524,1608,3
N8749Q,1607,3
N8748Q,1606,3
N970TW,1602,3
N37521,1599,3
N964TW,1598,3
N37516,1598,3
N9628W,1596,3
N37530,1596,3
N965TW,1595,3
N17529,1593,3
N9621A,1593,3
N8747Q,1592,3
N37525,1591,3
286NV,1590,3
N27515,1589,3
N37528,1580,3
N983TW,1579,3
288NV,1579,3
N938NK,1578,3
N37518,1571,3
N82366,1571,3
N9677W,1571,3
N109DN,1570,3
N382FR,1569,3
N86371,1568,3
N9619V,1568,3
N832HK,1567,3
N305DQ,1567,3
N381HA,1567,3
N37522,1566,3
N969TW,1565,3
N89362,1564,3
N27520,1561,3
N979TW,1560,3
N963TW,1559,3
N123DW,1557,3
N724EV,1556,3
N424AN,1551,3
N882UA,1550,3
N872UA,1547,3
N78361,1543,3
N966TW,1540,3
N952DN,1536,3
N9681B,1528,3
N87365,1527,3
N941NK,1525,3
N9618A,1521,3
N85374,1517,3
N85363,1515,3
N29717,1513,3
N913AK,1512,3
N423QX,1508,3
N27526,1506,3
N14121,1504,3
N968TW,1502,3
N595UA,1501,3
N590UA,1501,3
N9617R,1500,3
N907DA,1499,3
N425AN,1499,3
N29129,1491,3
N9616G,1490,3
N948FR,1489,3
N9620D,1486,3
N9630A,1486,3
N87364,1481,3
N942NK,1480,3
N427AN,1479,3
N384FR,1476,3
N385FR,1474,3
N18119,1472,3
N771UA,1472,3
N33132,1464,3
N768UA,1461,3
N422AN,1459,3
N86375,1458,3
N589UA,1456,3
N308RD,1455,3
N17128,1455,3
N37514,1446,3
N21108,1441,3
N982TW,1439,3
N316RK,1437,3
N708EV,1436,3
N230HA,1433,3
N12567,1431,3
N512UA,1429,3
N597UA,1423,3
N596UA,1423,3
N87367,1421,3
N945NK,1419,3
N919AK,1419,3
N18112,1416,3
N179DN,1415,3
N216PS,1412,3
N314RH,1411,3
N303RG,1406,3
N534EA,1406,3
N228HA,1405,3
N940NK,1404,3
N29124,1404,3
N85376,1403,3
N525EA,1398,3
N303RE,1396,3
N16713,1391,3
N421UW,1388,3
N923FR,1385,3
N510UA,1382,3
N760MQ,1379,3
N304RB,1375,3
N324RN,1375,3
N872DC,1375,3
N761RW,1369,3
N587UA,1366,3
N127DN,1364,3
N428AA,1363,3
N918AK,1356,3
N14118,1353,3
N323RM,1353,3
N14120,1351,3
N588UA,1349,3
N310RF,1347,3
N775UA,1347,3
N306RC,1344,3
N977DL,1335,3
N2016J,1335,3
N506SY,1334,3
N939NK,1332,3
N315RJ,1332,3
N426AN,1330,3
N175DN,1327,3
N944NK,1325,3
N2029J,1322,3
N423AN,1319,3
N546UA,1314,3
N943NK,1314,3
N835MH,1308,3
N544AE,1301,3
N815SK,1300,3
N502UA,1295,3
N598UA,1292,3
N13566,1291,3
N870DC,1290,3
N836MH,1288,3
N324RA,1286,3
N321RL,1285,3
N838MH,1283,3
N505SY,1283,3
N946DN,1282,3
N387FR,1280,3
N829MH,1270,3
N326RP,1269,3
N915AK,1266,3
291NV,1265,3
N568UA,1264,3
N174DN,1261,3
N328RR,1258,3
N873UA,1258,3
N837MH,1258,3
N831MH,1247,3
N508JB,1245,3
N825MH,1236,3
N826MH,1234,3
N386FR,1232,3
N2017J,1231,3
N548GJ,1231,3
N2038J,1230,3
N3023J,1228,3
N501AA,1227,3
N807SK,1226,3
N531JB,1224,3
N73278,1222,3
N37281,1222,3
N833MH,1220,3
N507SY,1218,3
N34282,1218,3
N430AN,1216,3
N27253,1215,3
N171DN,1213,3
N712EV,1205,3
N762DT,1201,3
N27252,1200,3
N3008J,1199,3
N507JB,1199,3
N199DN,1199,3
N184DN,1199,3
N124DX,1198,3
N951DL,1197,3
N181DN,1195,3
N709TW,1193,3
N834MH,1190,3
N840MH,1190,3
N1200K,1189,3
N172DN,1185,3
296NV,1183,3
N415QX,1178,3
N518UA,1178,3
N946NK,1177,3
N205UW,1176,3
N338RS,1176,3
N200UU,1170,3
N954DL,1170,3
N429AN,1168,3
N27251,1167,3
N11565,1166,3
N537JB,1161,3
N190DN,1160,3
N527JB,1157,3
N827MH,1155,3
N432AN,1153,3
N336RU,1152,3
N812SK,1151,3
N3044J,1149,3
N828MH,1148,3
N504SY,1146,3
N201UU,1146,3
N37257,1144,3
N556GJ,1141,3
N27258,1137,3
N8751R,1136,3
N568GJ,1132,3
N291BT,1132,3
N125DN,1130,3
N526JB,1126,3
N203UW,1125,3
N335RT,1122,3
N36280,1121,3
N195DN,1119,3
N847HK,1118,3
N572GJ,1116,3
N85377,1113,3
N563GJ,1109,3
N17254,1106,3
N341RW,1104,3
N562GJ,1103,3
N763CC,1098,3
N203FR,1098,3
N126DN,1093,3
N571GJ,1091,3
N1603,1090,3
N434AN,1087,3
N510SY,1080,3
N830MH,1079,3
N948SW,1076,3
N569GJ,1075,3
N431AN,1073,3
N2027J,1072,3
N839MH,1072,3
N511SY,1071,3
N198DN,1071,3
N948DL,1061,3
N197DN,1059,3
N502SY,1059,3
N27256,1058,3
N316SE,1056,3
N2039J,1056,3
N1201P,1055,3
N939UW,1048,3
N3058J,1046,3
N350RV,1045,3
N335SN,1045,3
N202UW,1045,3
N1604R,1041,3
N509SY,1039,3
N194AA,1037,3
N557GJ,1035,3
N950DL,1035,3
N27255,1032,3
N207UW,1032,3
N77259,1031,3
N79279,1031,3
N508SY,1026,3
N318SF,1025,3
N14543,1024,3
N2048J,1023,3
N206UW,1023,3
N2047J,1022,3
N559GJ,1017,3
N378SC,1015,3
N326SJ,1015,3
N192DN,1012,3
N182DN,1011,3
N343RY,1008,3
N184AN,1008,3
N339SU,1008,3
N971JB,1006,3
N985JB,1005,3
N965JB,1002,3
N2043J,1002,3
N501SY,998,2
N186AN,998,2
N979JB,997,2
N503SY,997,2
N193AN,995,2
N199AN,994,2
N327SK,994,2
N27261,993,2
N192AN,992,2
N177DZ,992,2
N306SP,990,2
N2086J,990,2
N561GJ,988,2
N302SS,986,2
N433AN,986,2
N3065J,986,2
N964JB,985,2
N26549,984,2
N323SG,984,2
N173DZ,982,2
N191DN,982,2
N27260,982,2
N983JB,981,2
N324SH,977,2
N988JB,975,2
N3062J,975,2
N967JB,974,2
N845MH,974,2
N185AN,973,2
N204UW,973,2
N980JB,972,2
N962JB,971,2
N975JB,971,2
N190AA,971,2
N976JB,970,2
N435AN,969,2
N991JB,966,2
N174DZ,964,2
N945DN,964,2
N968JB,964,2
N974JB,962,2
N85379,962,2
N84378,962,2
N987JB,961,2
N512SY,959,2
N575GJ,959,2
N191AN,958,2
N952DL,957,2
N189AN,956,2
N945JB,956,2
N17262,956,2
N197AN,954,2
N187AN,952,2
N941DN,952,2
N175DZ,951,2
N315SD,951,2
297NV,949,2
N990JB,948,2
N969JB,947,2
N643UA,945,2
N972JB,945,2
N781CA,944,2
N950JB,944,2
N949JB,943,2
N342RX,940,2
N198AA,939,2
N966JB,938,2
N843MH,938,2
N173AN,938,2
N946JB,937,2
N810SK,936,2
N172DZ,935,2
N13550,935,2
N944JB,935,2
N961JB,933,2
N188AN,929,2
N329SL,929,2
N302SA,926,2
N169DZ,925,2
N195AN,925,2
N336SR,924,2
N338ST,921,2
N26123,921,2
N183AN,918,2
N920AK,918,2
N937DL,917,2
N27263,916,2
N180DN,915,2
298NV,914,2
N989JB,910,2
N188DN,909,2
N814SK,909,2
N981JB,909,2
N171DZ,908,2
N832MH,907,2
N313SB,907,2
N2084J,899,2
N844MH,899,2
N655UA,899,2
N943JB,893,2
N691AA,891,2
N175AN,887,2
N938UW,886,2
N87380,885,2
N2044J,883,2
N692AA,881,2
N310DU,878,2
N656UA,876,2
N129DN,875,2
N196AA,875,2
N922FR,872,2
N558GJ,871,2
N17264,870,2
N341SV,869,2
N949NK,868,2
N579GJ,864,2
N334SM,858,2
N414QX,857,2
N956JB,853,2
N578GJ,851,2
N1602,846,2
N416QX,846,2
N172AJ,844,2
N2105J,837,2
N947NK,835,2
N388FR,835,2
N951NK,829,2
N921AK,827,2
206NV,824,2
N196DN,823,2
N176AA,823,2
N9624T,820,2
N936DL,820,2
N946DL,819,2
N128DN,815,2
N2142J,814,2
N940DN,814,2
N16065,812,2
N17265,812,2
N942DN,807,2
N651UA,806,2
N449QX,801,2
N12552,799,2
N905DA,792,2
N436AN,792,2
N189DN,790,2
N935DL,786,2
289NV,783,2
N3077J,783,2
N505UA,779,2
N783CA,777,2
N943DN,777,2
N600QX,773,2
N764JD,770,2
N948NK,761,2
N617QX,760,2
N27266,756,2
N178DZ,755,2
207NV,755,2
N950NK,755,2
N945DL,750,2
N952NK,747,2
N924AK,743,2
N993JB,742,2
N2059J,739,2
N681PA,737,2
N608QX,732,2
N438AN,730,2
N647UA,730,2
877GA,727,2
N994JB,726,2
N774AN,723,2
N413QX,723,2
N2060J,722,2
N771AN,722,2
N78003,718,2
N786AN,710,2
N583HA,707,2
N682PA,707,2
N3085J,701,2
N78009,699,2
N753AN,699,2
N641UA,697,2
N657UA,695,2
N14001,694,2
N605QX,693,2
N177AN,692,2
419NV,690,2
N750AN,690,2
N783AN,689,2
N582HA,689,2
N760AN,686,2
N581HA,686,2
N143DU,685,2
N439AN,681,2
N924DL,680,2
N780AN,680,2
N953NK,679,2
N437AN,678,2
426NV,678,2
N767AJ,674,2
878GA,672,2
N776AN,669,2
881GA,668,2
N779AN,667,2
N76010,666,2
N648UA,665,2
N37018,665,2
N944DL,665,2
N766AN,663,2
N57016,663,2
N658UA,663,2
N78017,662,2
N975AT,661,2
N644UA,660,2
N943DL,659,2
N787AL,654,2
N795AN,654,2
N142DU,653,2
N78013,653,2
402NV,650,2
N1605,649,2
N931AK,649,2
N812AA,649,2
N944DN,648,2
203NV,645,2
N758AN,644,2
N27015,643,2
N616QX,643,2
N818AL,641,2
N186DN,641,2
424NV,635,2
N791AN,633,2
N406SY,631,2
N67052,631,2
N797AN,629,2
N194DN,628,2
N389FR,627,2
N193DN,626,2
N642UA,626,2
N772AN,625,2
N440AN,622,2
N788AN,622,2
N796AN,621,2
N799AN,620,2
N78008,619,2
N807AA,618,2
N794AN,618,2
N77019,617,2
N580HA,617,2
N660UA,616,2
N17002,615,2
N646UA,614,2
N443AA,610,2
N183DN,609,2
418NV,608,2
N185DN,608,2
N187DN,608,2
N949DN,608,2
N78001,608,2
N611QX,608,2
N781AN,607,2
N929AK,607,2
415NV,606,2
423NV,606,2
N76021,605,2
N761AJ,600,2
N45838,600,2
N407SY,599,2
N854NW,598,2
N12005,598,2
883GA,598,2
N12003,596,2
N819AN,595,2
N751AN,594,2
N1402A,594,2
N710EV,593,2
886GA,593,2
417NV,592,2
N798AN,591,2
N501AE,590,2
887GA,589,2
N803AL,586,2
N441UW,585,2
N573GJ,585,2
N813AN,585,2
N817AN,584,2
N778AN,584,2
N969AT,584,2
N814AA,583,2
N391AA,582,2
420NV,581,2
N808AN,580,2
N938DL,580,2
N654UA,580,2
N69020,579,2
N816AA,579,2
N772SW,578,2
N399AN,577,2
N77022,577,2
N176DZ,576,2
N932AK,576,2
N390AA,576,2
N809AA,575,2
N802AN,574,2
N851NW,574,2
202NV,573,2
N349AN,572,2
N811AB,569,2
N346AN,569,2
N919FR,569,2
N793AN,568,2
N12004,568,2
N393AN,568,2
N342AN,567,2
N343AN,567,2
N7541A,566,2
N939DN,566,2
N680PA,566,2
N806AA,565,2
N861NW,565,2
N396AN,565,2
N800AN,564,2
N804AN,564,2
N649UA,564,2
N757AN,564,2
N765ST,563,2
N615QX,563,2
N926AK,560,2
N348AN,558,2
N144DU,557,2
N784AN,557,2
N350AN,556,2
N860NW,555,2
N782AN,554,2
N801AC,551,2
N78002,551,2
N2102J,550,2
N765AN,550,2
N756AM,549,2
871GA,549,2
N789AN,548,2
N670UA,547,2
N831NW,546,2
N14834,546,2
N815AA,543,2
N762AN,542,2
N398AN,542,2
N69059,541,2
N26909,540,2
N114NN,539,2
N996JB,538,2
N805AN,538,2
N16009,537,2
N77014,537,2
N409SY,535,2
N69063,534,2
429NV,534,2
N77006,533,2
N2846U,532,2
N12006,531,2
N856NW,530,2
N858NW,530,2
N8752Q,530,2
N27908,527,2
N446AN,526,2
N344AN,524,2
N16008,524,2
N442AN,524,2
N759AN,523,2
N590HA,522,2
N27901,521,2
N28912,520,2
N659UA,518,2
N222UA,516,2
N390FR,515,2
N140LL,514,2
N42836,513,2
N752AN,513,2
N76054,511,2
872GA,510,2
N410SY,509,2
862GA,509,2
N29907,508,2
N76064,508,2
N820AL,507,2
N938DN,507,2
N810NW,505,2
N995JB,504,2
N826NW,503,2
N76062,502,2
N821AN,501,2
N26902,501,2
N954NK,500,2
864GA,498,2
N26910,498,2
N671UA,498,2
N838AA,497,2
N388AA,497,2
N775AN,497,2
N78004,497,2
N823NW,496,2
N971AK,496,2
N513SY,496,2
N777AN,494,2
N27903,494,2
N687PA,494,2
N145DQ,494,2
N755AN,493,2
409NV,490,2
N814NW,488,2
N810AN,488,2
N933DL,488,2
N2135U,486,2
861GA,486,2
N397AN,484,2
891GA,484,2
N674UA,484,2
N2333U,483,2
N2136U,481,2
876GA,481,2
N78005,481,2
N385AM,480,2
N8754S,478,2
N828AA,478,2
N790AN,477,2
N347AN,477,2
N444UW,473,2
N841AN,471,2
N411QX,469,2
N8753Q,468,2
N928AK,468,2
N823AN,467,2
N835AN,467,2
N2332U,466,2
N825NW,465,2
N902FR,464,2
N766JM,462,2
863GA,462,2
N792AN,460,2
N652UA,460,2
N20904,459,2
299NV,459,2
N2737U,458,2
N834AA,457,2
N604QX,456,2
N306SW,456,2
N816NW,455,2
N77012,455,2
N2142U,455,2
N832AA,454,2
N859NW,452,2
N594HA,451,2
N833AA,451,2
N825AA,450,2
N45905,450,2
N773AN,450,2
N829AN,449,2
N836AA,449,2
N827AN,448,2
N391FR,444,2
N2639U,443,2
N26906,442,2
N2352U,440,2
N2140U,440,2
N2747U,440,2
866GA,440,2
N677UA,439,2
N59053,439,2
N818NW,438,2
N30913,438,2
N857NW,438,2
N74007,437,2
N669UA,436,2
N408SY,435,2
N2534U,435,2
N948DN,434,2
N824AN,434,2
N665UA,433,2
N2243U,431,2
N822NW,431,2
N565GJ,430,2
N826AN,428,2
N754AN,428,2
N445AA,427,2
N839AA,427,2
N91007,425,2
N947FR,425,2
N987AT,424,2
N829NW,423,2
N824NW,423,2
N673UA,423,2
N939DL,421,2
N66051,421,2
N592HA,420,2
N804HA,420,2
N2341U,419,2
N840AN,418,2
N827NW,417,2
N2644U,416,2
N804NW,416,2
414NV,415,2
N819NW,412,2
N785AN,412,2
N803NW,411,2
N66056,411,2
N822AN,408,2
N77066,407,2
N932DL,405,2
N8755L,405,2
N920FR,405,2
N768AA,404,2
N828NW,403,2
N12530,402,2
N667UA,402,2
N8757L,401,2
N831AA,401,2
N564GJ,398,2
N953FR,398,2
N2748U,397,2
N821NW,396,2
N837AN,396,2
N613QX,396,2
N447AN,395,2
N815NW,395,2
N830AN,394,2
N79011,394,2
N68061,392,2
N811NW,392,2
N901DA,390,2
N2251U,385,2
N729AN,384,2
N972AK,384,2
N727AN,382,2
N732AN,382,2
N801NW,380,2
N76065,380,2
N2138U,380,2
N852NW,379,2
N722AN,378,2
N394AN,378,2
N934AK,377,2
N2645U,376,2
N14011,376,2
N853NW,373,2
205NV,371,2
N728AN,371,2
N448AN,371,2
N384AA,368,2
N812NW,368,2
N395AN,368,2
N2250U,367,2
N941DL,366,2
N653UA,365,2
N410QX,365,2
N28529,363,2
N955NK,363,2
N730AN,362,2
N734AR,359,2
N720AN,359,2
N933AK,358,2
204NV,358,2
N735AT,358,2
N668UA,355,2
N12012,355,2
N392AN,355,2
N39726,353,2
N817NW,353,2
N2749U,352,2
N664UA,352,2
N177DN,351,2
N736AT,350,2
N820NW,348,2
N733AR,348,2
N719AN,348,2
N12528,348,2
N574GJ,347,2
N726AN,345,2
N12010,344,2
N830NW,344,2
N731AN,344,2
N449AN,343,2
N806NW,342,2
N926DL,337,2
N152DL,337,2
N8759Q,336,2
N8758L,335,2
407NV,335,2
N935AK,334,2
N723AN,334,2
N805NW,333,2
N676UA,333,2
N588HA,332,2
N725AN,331,2
N407SW,331,2
N717AN,330,2
N808NW,328,2
N524EA,328,2
N973AK,326,2
N3104J,326,2
N805HA,326,2
N942DL,323,2
N931DL,321,2
N2331U,318,2
N178DN,317,2
N411SY,316,2
N718AN,315,2
N515SY,313,2
N919DE,309,2
N807NW,309,2
N997JB,308,2
N721AN,307,2
N770AN,307,2
N8756S,306,2
N176DN,306,2
N452AN,304,2
N289AY,304,2
N934DL,303,2
N724AN,302,2
N280AY,299,2
N675UA,298,2
N809NW,295,2
N154DL,294,2
N796UA,292,2
N286AY,291,2
N287AY,289,2
N281AY,289,2
N8883E,289,2
N13013,289,2
N454AL,288,2
N394DL,288,2
N921DL,288,2
209NV,285,2
N450AN,284,2
N876RW,283,2
410NV,283,2
N38955,282,2
N952FR,282,2
N842MH,281,2
N35953,278,2
N290AY,278,2
N855NW,277,2
N974AK,277,2
N285AY,277,2
N927DA,277,2
N292AY,277,2
N998JB,276,2
N288AY,276,2
N516SY,276,2
N412SY,275,2
N953DN,275,2
N8972E,272,2
N223UA,270,2
N156DL,270,2
N283AY,269,2
N872AN,269,2
N956NK,268,2
N662UA,268,2
N603QX,267,2
N3102J,267,2
N293AY,265,2
N786UA,265,2
N67058,263,2
N379AA,262,2
N918DL,261,2
N904DA,259,2
N294NN,255,2
865GA,255,2
412NV,254,2
N26952,254,2
N451AN,254,2
N66057,253,2
N672UA,251,2
N937DN,251,2
N661UA,247,2
N813NW,246,2
N279AY,246,2
N413SY,244,2
N965DN,244,2
N933DN,244,2
N8721B,242,2
N975AK,242,2
N8888D,241,2
N685UA,240,2
N13954,237,2
N873BB,237,2
N409QX,236,2
N8761L,235,2
869GA,234,2
N27964,232,2
N723EV,231,2
N954DN,231,2
N78060,230,2
N45956,230,2
N76055,227,2
N791UA,227,2
N27959,227,2
N381AN,224,2
N27957,224,2
N219UA,222,2
N871AY,221,2
N27958,221,2
N284AY,221,2
N502DX,218,2
N684UA,216,2
N27965,216,2
N798UA,215,2
N19951,215,2
N24974,215,2
N291AY,214,2
N663UA,212,2
N999JB,212,2
N914DL,211,2
N24973,211,2
N36962,209,2
N958NK,209,2
N26967,208,2
N501DA,207,2
N976AK,206,2
N566GJ,206,2
N802NW,203,2
N275AY,200,2
N870AX,200,2
N282AY,199,2
406NV,196,2
N704DK,194,2
N707DN,194,2
N8762Q,194,2
N204UA,193,2
N795UA,191,2
N29971,191,2
N270AY,190,2
N219FR,190,2
N17963,189,2
N686UA,189,2
N29961,189,2
N632qx,188,2
N666UA,187,2
N229UA,185,2
N38950,184,2
N26966,181,2
N453AA,181,2
N155DL,180,2
N26960,180,2
N841MH,180,2
N389AA,179,2
N414SY,179,2
N26970,178,2
N278AY,177,2
N957NK,176,2
N955DN,176,2
N937AK,175,2
N705DN,175,2
N15969,174,2
N29977,174,2
N799UA,174,2
N919DL,173,2
N455AN,172,2
N24972,172,2
N273AY,172,2
N220UA,170,2
N277AY,169,2
N706DN,169,2
N792UA,169,2
N923DL,169,2
N29975,168,2
N311DU,168,2
N276AY,166,2
N271AY,164,2
N218FR,160,2
N787UA,160,2
N9622A,157,2
N794UA,156,2
N221UA,155,2
N793UA,155,2
N8760L,154,2
N788UA,153,2
N783UA,152,2
N972TW,151,2
N309SY,151,2
N406QX,150,2
404NV,149,2
N782UA,149,2
N29978,149,2
427NV,148,2
N961DN,146,2
N29968,144,2
N8763L,142,2
N24976,140,2
N957DN,139,2
N274AY,134,2
N29984,134,2
N392FR,134,2
N686PA,133,2
N936AK,133,2
N272AY,132,2
N964DN,132,2
N29985,132,2
N973JB,132,2
N797UA,128,2
N227UA,127,2
N228UA,127,2
N701DN,127,2
N962TW,127,2
N517SY,125,2
N403DX,122,2
N801HA,122,2
N24980,121,2
N9625W,121,2
N503DN,120,2
N519SY,119,2
N507DN,119,2
N24979,119,2
N206UA,116,2
N29981,116,2
N513DZ,116,2
208NV,114,2
N503DZ,114,2
N224UA,112,2
N462PA,112,2
N25982,112,2
N19986,111,2
N456AN,110,2
N28987,108,2
N7547A,108,2
403NV,107,2
N23983,106,2
N402DX,106,2
N225UA,106,2
N401DZ,104,2
N424AA,103,2
884GA,103,2
N967TW,103,2
N404DX,102,2
N7548A,102,2
N514DN,101,2
N426AA,101,2
N226UA,100,2
N310SY,100,2
N217UA,99,1
N410DZ,99,1
N710DN,99,1
N709DN,99,1
N504DN,98,1
N511DN,98,1
N703DN,98,1
N502DN,98,1
N405DX,96,1
N37532,95,1
N406DX,94,1
N47533,93,1
N508DN,93,1
N1608,92,1
N504TE,91,1
N784UA,91,1
N218UA,90,1
N70425,90,1
N785UA,88,1
N409DX,87,1
N506DN,86,1
N702DN,86,1
N1612T,86,1
N407DX,85,1
N209UA,84,1
N216UA,84,1
N515DN,84,1
N510DN,81,1
N501DN,81,1
N509DN,80,1
N951FR,78,1
N411DX,77,1
N408DX,77,1
N1609,74,1
N512DN,74,1
N430SY,73,1
N505DN,73,1
N708DN,72,1
N1610D,72,1
N555AN,72,1
N938AK,71,1
N977JB,71,1
N978AK,65,1
ALL,64,1
N37531,64,1
N37534,63,1
N3112J,59,1
N1613B,58,1
N959DN,58,1
N7550,57,1
N860DA,55,1
N1607B,55,1
N942AK,52,1
N4058J,50,1
N1611B,49,1
N457AM,45,1
N360PH,45,1
N566NK,43,1
N027JB,43,1
N861DA,42,1
N8764Q,39,1
N977AK,38,1
N867DA,37,1
N101NK,36,1
N363NK,34,1
N360NK,33,1
N567NK,32,1
N364NK,30,1
N517DZ,30,1
N4022J,28,1
N862DA,28,1
N362NK,27,1
N365NK,26,1
N361NK,26,1
N359PH,25,1
N361PH,25,1
N492NK,24,1
N4048J,24,1
N1801U,22,1
N017JB,21,1
N865DA,21,1
N493NK,21,1
N016JB,20,1
N491NK,19,1
N575DZ,18,1
N863DA,17,1
N420QX,16,1
N516DN,16,1
N568NK,16,1
N369NK,15,1
N038JB,14,1
N029JB,14,1
N153DL,12,1
N565NK,12,1
N866DA,12,1
N363PH,11,1
N374PH,10,1
NT200,9,1
N864DA,9,1
N956DN,9,1
N362PH,8,1
N999FR,8,1
N929DL,7,1
N490NK,7,1
N202JB,7,1
N201JB,6,1
N642qx,6,1
N418DX,5,1
N412DX,5,1
SS25,4,1
N867AS,4,1
N417DX,3,1
N200JB,3,1
N375PH,2,1
N002JB,2,1
N365PX,2,1
N685PA,2,1
NTE7R,2,1
N54EA,2,1
N416DX,2,1
N682SK,2,1
NTE7L,2,1
Q38143,1,1
N626AS,1,1
N546NK,1,1
N684RW,1,1
N225AG,1,1
N654DL,1,1
N554NK,1,1
N549NK,1,1
n714FR,1,1
N373Fr,1,1
N562NK,1,1
N550NK,1,1
N802AE,1,1
N921SW,1,1
N656YX,1,1
N805H,1,1
